date,open,high,low,volume,sentiment,close
2021/7/5 10:30,77.73,78.5,76.54,"725,305",0,78.28
2021/7/5 11:30,78.28,78.29,77.23,"253,126",0,77.44
2021/7/5 14:00,77.44,77.44,76.4,"343,055",0,76.94
2021/7/5 15:00,76.95,77.17,76.43,"343,649",0,76.51
2021/7/6 10:30,75.88,77,75.28,"701,623",-0.192310318,75.31
2021/7/6 11:30,75.29,75.31,73.01,"998,873",-0.191411367,73.37
2021/7/6 14:00,73.25,74.48,73.19,"270,254",-0.160788292,74.24
2021/7/6 15:00,74.25,74.29,74,"281,139",-0.215420902,74.18
2021/7/7 10:30,73.4,74.7,73.24,"458,746",-0.161239375,74.21
2021/7/7 11:30,74.18,74.38,73.88,"185,662",-0.026864088,73.99
2021/7/7 14:00,73.99,73.99,73.24,"341,751",-0.010630094,73.7
2021/7/7 15:00,73.7,73.89,73.61,"350,679",-0.103389876,73.69
2021/7/8 10:30,73.7,74.14,71.55,"995,444",-0.077530272,71.91
2021/7/8 11:30,71.91,72.19,71.66,"296,082",-0.147019623,71.97
2021/7/8 14:00,71.97,72.28,71.2,"280,896",-0.4392668,71.43
2021/7/8 15:00,71.43,71.66,71.17,"466,181",-0.272873873,71.52
2021/7/9 10:30,71.69,73.83,71.12,"894,641",-0.438190551,72.65
2021/7/9 11:30,72.65,73.39,72.4,"189,889",-0.051891042,72.65
2021/7/9 14:00,72.65,73.13,72.46,"167,933",0,73.12
2021/7/9 15:00,73.12,73.38,72.75,"290,832",0,72.89
2021/7/12 10:30,72.57,73.77,71.47,"785,168",0.049386096,72.74
2021/7/12 11:30,72.74,72.95,72.27,"345,220",-0.271993493,72.9
2021/7/12 14:00,72.9,74.2,72.77,"510,380",-0.011084992,73.97
2021/7/12 15:00,73.97,74.5,73.69,"445,515",-0.027773636,74.46
2021/7/13 10:30,74,76.5,73.61,"1,057,998",-0.202945252,74.89
2021/7/13 11:30,74.89,75.3,74.56,"228,869",0.45204392,75.02
2021/7/13 14:00,75.02,75.39,74.48,"305,678",0.158909619,75.39
2021/7/13 15:00,75.39,75.6,75.19,"353,793",-0.170002264,75.44
2021/7/14 10:30,75.6,77.18,74.3,"885,975",-0.487143749,76.45
2021/7/14 11:30,76.45,76.68,75.47,"384,696",-0.138054486,75.5
2021/7/14 14:00,75.5,76.37,74.54,"420,534",-0.263303001,74.7
2021/7/14 15:00,74.65,74.93,73.78,"550,405",-0.344563185,73.78
2021/7/15 10:30,68.9,70.5,66.65,"6,611,940",-0.116539669,68.03
2021/7/15 11:30,68.03,68.27,66.68,"2,119,335",-0.093715068,66.75
2021/7/15 14:00,66.75,67.4,66,"2,128,144",-0.101245493,66.43
2021/7/15 15:00,66.42,66.47,65.4,"3,295,475",-0.036170295,66
2021/7/16 10:30,66,66,64.7,"5,669,116",0.064650599,64.93
2021/7/16 11:30,64.93,66.44,64.93,"2,387,369",0.026370453,66.13
2021/7/16 14:00,66.13,66.69,65.86,"2,796,986",-0.103696914,66
2021/7/16 15:00,66.05,66.05,65.08,"2,085,204",-0.099221671,65.22
2021/7/19 10:30,65.22,65.22,63.4,"3,961,438",-0.049900647,63.4
2021/7/19 11:30,63.4,63.9,63,"1,472,888",-0.071990935,63.65
2021/7/19 14:00,63.65,63.85,62.84,"1,226,890",-0.160301193,63.13
2021/7/19 15:00,63.14,63.25,62.72,"1,142,358",-0.203352913,62.81
2021/7/20 10:30,63.44,64.02,62.73,"1,855,283",0.040639689,63
2021/7/20 11:30,62.99,63.39,62.85,"987,813",-0.079991812,62.95
2021/7/20 14:00,62.95,63.35,62.95,"523,748",-0.145522164,63.12
2021/7/20 15:00,63.13,63.3,63.1,"570,806",-0.23322774,63.2
2021/7/21 10:30,62.95,63.65,62.3,"2,022,061",-0.213579851,62.33
2021/7/21 11:30,62.33,62.55,61.77,"1,681,091",-0.178045882,62.1
2021/7/21 14:00,62.1,62.79,61.96,"1,002,566",-0.301570554,62.22
2021/7/21 15:00,62.2,62.7,62.09,"1,111,687",-0.188485685,62.56
2021/7/22 10:30,62.96,63.8,62.53,"2,365,700",-0.127201891,63.3
2021/7/22 11:30,63.3,63.3,62.58,"778,411",-0.115324405,62.99
2021/7/22 14:00,62.99,63.66,62.72,"1,228,911",0.253997622,63.58
2021/7/22 15:00,63.6,64.5,63.58,"2,600,111",0.181156595,63.8
2021/7/23 10:30,63.3,63.5,61.8,"2,509,552",0.011736411,61.96
2021/7/23 11:30,61.96,62.2,61.84,"587,100",-0.056960274,61.93
2021/7/23 14:00,61.93,62.5,61.93,"782,876",0.1044097,62.32
2021/7/23 15:00,62.32,62.36,61.99,"727,828",-0.220712436,62.03
2021/7/26 10:30,61.86,62.57,61.16,"1,684,760",-0.243885108,61.39
2021/7/26 11:30,61.39,61.57,59.89,"1,262,114",-0.262927441,60.12
2021/7/26 14:00,60.18,61.9,59.98,"1,625,120",-0.312613418,61.58
2021/7/26 15:00,61.58,61.88,61.16,"1,138,999",-0.125771484,61.59
2021/7/27 10:30,60.8,61.88,60.32,"1,230,289",-0.009721365,60.57
2021/7/27 11:30,60.42,61.34,60.42,"611,022",-0.118148351,61.06
2021/7/27 14:00,61.06,61.06,60.2,"1,126,872",0.014927907,60.48
2021/7/27 15:00,60.44,60.55,59.38,"1,822,156",-0.008622389,59.38
2021/7/28 10:30,59.11,59.57,56.89,"2,327,421",-0.120130925,57.45
2021/7/28 11:30,57.45,58.3,57.38,"934,067",-0.124254929,57.47
2021/7/28 14:00,57.47,57.7,57.27,"1,302,770",-0.121137796,57.43
2021/7/28 15:00,57.43,57.55,57.15,"1,216,077",-0.190301203,57.22
2021/7/29 10:30,58,58.96,57.72,"2,729,156",-0.004968658,58.74
2021/7/29 11:30,58.74,58.81,58.1,"1,042,828",0.008008743,58.17
2021/7/29 14:00,58.17,58.66,58.01,"1,182,916",-0.003340936,58.11
2021/7/29 15:00,58.11,58.45,58.11,"1,527,765",-0.105692651,58.18
2021/7/30 10:30,58.3,59,57.5,"2,311,710",-0.160599681,58.45
2021/7/30 11:30,58.45,58.87,58.32,"1,172,424",0.043209952,58.45
2021/7/30 14:00,58.49,60.18,58.44,"3,037,543",-0.179830613,60.03
2021/7/30 15:00,60.03,60.97,60.01,"2,027,582",-0.000406354,60.48
2021/8/2 10:30,60.04,61.76,59.56,"3,203,679",-0.364148112,60.68
2021/8/2 11:30,60.68,61.33,60.45,"1,592,801",-0.3126293,61.23
2021/8/2 14:00,61.23,61.98,61.12,"1,654,868",-0.069355248,61.59
2021/8/2 15:00,61.59,61.75,61.09,"1,305,602",-0.274529765,61.16
2021/8/3 10:30,61.17,63.66,61.02,"4,593,203",0.250409544,63.4
2021/8/3 11:30,63.4,63.47,62.62,"1,423,412",0.035715493,62.62
2021/8/3 14:00,62.62,63.15,62.35,"1,378,130",-0.066517575,63.14
2021/8/3 15:00,63.14,63.2,62.75,"1,219,411",-0.089652863,63.13
2021/8/4 10:30,62.8,63.3,61.96,"2,404,373",-0.021603859,62.6
2021/8/4 11:30,62.6,63.75,62.49,"1,206,902",-0.180108875,63.21
2021/8/4 14:00,63.25,63.33,62.66,"664,919",0.065642756,62.8
2021/8/4 15:00,62.84,62.96,62.45,"1,142,800",0.093812852,62.88
2021/8/5 10:30,63.31,64.42,63,"2,379,080",-2.67E-05,63.5
2021/8/5 11:30,63.5,63.5,63.02,"624,908",-0.031280036,63.15
2021/8/5 14:00,63.15,63.43,62.68,"909,420",-0.109645382,62.75
2021/8/5 15:00,62.75,63.13,62.6,"825,929",0.038186303,62.96
2021/8/6 10:30,62.16,62.87,61.3,"2,081,609",-0.040194625,61.79
2021/8/6 11:30,61.78,61.8,61.4,"722,951",-0.021878032,61.41
2021/8/6 14:00,61.41,61.78,61.1,"878,266",0.455872878,61.25
2021/8/6 15:00,61.25,61.98,61.1,"669,370",0.307543112,61.89
2021/8/9 10:30,62.98,63.8,62.88,"2,851,664",0.215671239,63.28
2021/8/9 11:30,63.25,64.28,63.06,"2,064,520",0.021872584,64.18
2021/8/9 14:00,64.18,64.22,63.6,"934,104",-0.433225749,63.89
2021/8/9 15:00,63.89,64.04,63.8,"938,630",-0.205985506,63.98
2021/8/10 10:30,63.63,64.29,63.2,"1,870,002",0.041773574,63.9
2021/8/10 11:30,63.9,64.93,63.62,"1,675,820",0.107392109,64.88
2021/8/10 14:00,64.88,64.95,64.45,"1,121,566",0.106204082,64.51
2021/8/10 15:00,64.51,64.77,64.33,"859,652",-0.032095834,64.67
2021/8/11 10:30,65,65.06,63.7,"1,556,046",0.125774642,63.91
2021/8/11 11:30,63.9,63.98,63.4,"978,546",0.102716769,63.69
2021/8/11 14:00,63.7,64.39,63.57,"924,472",-0.022630288,64.04
2021/8/11 15:00,64.04,64.25,63.75,"858,814",0.146669808,63.88
2021/8/12 10:30,64.02,64.4,63.3,"1,471,855",-0.126082514,63.43
2021/8/12 11:30,63.43,63.43,62.78,"920,362",-0.191815812,62.81
2021/8/12 14:00,62.81,63.3,62.3,"1,287,914",0.288625464,62.69
2021/8/12 15:00,62.69,62.73,62.29,"979,258",0.284120238,62.64
2021/8/13 10:30,62.8,63.16,61.9,"1,281,584",0.05204343,62.1
2021/8/13 11:30,62.1,62.15,61.4,"616,916",-0.084160326,61.59
2021/8/13 14:00,61.59,61.74,60.83,"993,230",-0.023936166,61
2021/8/13 15:00,61,61.28,60.8,"837,800",0.044990744,61.15
2021/8/16 10:30,61,61.09,60.15,"1,357,019",-0.038226425,60.28
2021/8/16 11:30,60.3,60.47,60.17,"725,176",-0.064616594,60.43
2021/8/16 14:00,60.43,60.62,60.27,"739,638",0.443682205,60.56
2021/8/16 15:00,60.56,60.6,60.25,"1,036,779",0.21784836,60.3
2021/8/17 10:30,60.34,60.79,59.86,"1,038,910",0.195933584,60.05
2021/8/17 11:30,60.05,60.35,59.5,"590,353",-0.207669792,59.57
2021/8/17 14:00,59.57,59.57,58.77,"827,833",-0.201992189,58.92
2021/8/17 15:00,58.93,59.05,58.58,"980,884",-0.288250127,58.83
2021/8/18 10:30,58.58,59.56,58.28,"967,697",0.139668122,58.43
2021/8/18 11:30,58.41,58.53,57.8,"736,475",0.070264005,58.12
2021/8/18 14:00,58.12,58.35,57.83,"647,727",0.246624053,57.95
2021/8/18 15:00,57.97,58.23,57.9,"768,275",-0.032004175,58.12
2021/8/19 10:30,58.27,63.5,57.8,"5,166,514",0.130214878,63.32
2021/8/19 11:30,63.35,65.95,63.35,"5,703,809",0.119474479,64.38
2021/8/19 14:00,64.38,64.6,63.68,"1,615,085",0.031775123,63.94
2021/8/19 15:00,63.94,64.12,63.49,"1,729,867",0.210095001,63.49
2021/8/20 10:30,62,63,60.51,"3,967,805",-0.06515047,60.84
2021/8/20 11:30,60.84,60.85,59.8,"1,616,862",-0.038355954,59.85
2021/8/20 14:00,59.85,60.3,59.35,"937,956",0.220430245,59.93
2021/8/20 15:00,59.93,60.24,59.1,"1,692,588",0.094910023,59.38
2021/8/23 10:30,58.8,61.1,58.38,"2,433,307",-0.27864132,60.9
2021/8/23 11:30,60.9,60.9,59.9,"974,246",-0.414274309,60.48
2021/8/23 14:00,60.48,61,60.4,"840,974",-0.060750912,60.48
2021/8/23 15:00,60.47,60.71,60.3,"812,614",0.033981096,60.45
2021/8/24 10:30,60.96,61.48,58.93,"2,759,188",-0.185064021,59.17
2021/8/24 11:30,59.17,59.2,58.6,"1,372,644",-0.08366349,58.99
2021/8/24 14:00,58.99,59.42,58.9,"781,227",0.412592761,59.11
2021/8/24 15:00,59.11,59.2,58.88,"864,365",0.262642284,59.1
2021/8/25 10:30,59.35,60.39,58.65,"1,732,282",0.337639098,59.66
2021/8/25 11:30,59.66,59.66,58.98,"734,559",0.159310183,59.28
2021/8/25 14:00,59.28,59.99,59.2,"686,188",-0.129398434,59.66
2021/8/25 15:00,59.66,60,59.6,"712,896",-0.070534302,59.6
2021/8/26 10:30,59.13,60.4,58.7,"1,477,628",0.158715388,59.09
2021/8/26 11:30,59.08,59.27,58.71,"1,071,978",-0.113203776,58.72
2021/8/26 14:00,58.72,59.03,58.58,"601,086",-0.15451917,58.72
2021/8/26 15:00,58.72,58.99,58.2,"1,114,365",-0.078349769,58.51
2021/8/27 10:30,58.5,58.98,57.91,"1,155,920",-0.201196167,58.35
2021/8/27 11:30,58.35,58.36,57.95,"648,227",-0.375042995,58.02
2021/8/27 14:00,58.02,58.34,57.94,"433,604",-0.043931387,57.98
2021/8/27 15:00,57.98,58.18,57.83,"809,718",0.007378597,57.86
2021/8/30 10:30,60,60.86,59.33,"3,583,953",-0.09701721,60.01
2021/8/30 11:30,60.01,60.7,59.85,"1,690,938",-0.059405947,60.57
2021/8/30 14:00,60.57,60.99,60.11,"1,782,484",-0.104603731,60.12
2021/8/30 15:00,60.18,60.54,60.03,"1,467,507",0.029269289,60.22
2021/8/31 10:30,58.2,59.88,56.61,"4,463,073",0.009862526,56.89
2021/8/31 11:30,56.89,57.23,56.62,"1,437,444",-0.023806421,56.68
2021/8/31 14:00,56.7,57,55.71,"1,859,331",-0.028718424,56.23
2021/8/31 15:00,56.22,56.25,55.75,"1,571,288",-0.025501033,56.02
2021/9/1 10:30,55.9,57.35,55,"2,249,813",-0.131744219,57
2021/9/1 11:30,57,57.06,56.6,"547,051",-0.049080389,56.89
2021/9/1 14:00,56.89,56.99,56.71,"401,447",-0.427591715,56.85
2021/9/1 15:00,56.85,57,56.63,"570,003",-0.135488087,57
2021/9/2 10:30,57,57.27,56.55,"976,027",-0.247932038,56.86
2021/9/2 11:30,56.86,56.86,56.34,"501,217",-0.064224621,56.47
2021/9/2 14:00,56.47,56.51,56.37,"406,031",-0.189786709,56.5
2021/9/2 15:00,56.5,57.49,56.49,"832,236",-0.142956799,57.26
2021/9/3 10:30,56.9,57.89,56.69,"892,726",-0.335685295,57.4
2021/9/3 11:30,57.4,57.46,57.04,"458,358",-0.104220767,57.25
2021/9/3 14:00,57.44,58.58,57.44,"840,534",0.184561009,57.96
2021/9/3 15:00,57.96,59.4,57.95,"1,511,420",0.093589922,58.9
2021/9/6 10:30,58.79,60.5,58.5,"2,429,086",-0.129880293,60.45
2021/9/6 11:30,60.45,61,60.3,"1,177,545",-0.129334359,60.3
2021/9/6 14:00,60.48,60.9,60.32,"954,203",0.274533942,60.9
2021/9/6 15:00,60.9,61,60.5,"931,381",0.102453568,60.63
2021/9/7 10:30,60.37,60.76,59.9,"1,134,148",0.142789121,60.12
2021/9/7 11:30,60.12,60.3,59.81,"587,238",0.017341468,60.12
2021/9/7 14:00,60.12,60.19,59.88,"446,925",0.130207051,60.04
2021/9/7 15:00,60.04,60.09,59.9,"580,786",0.195362288,59.96
2021/9/8 10:30,60.02,60.8,59.6,"1,033,606",-0.261795975,59.76
2021/9/8 11:30,59.76,59.76,58.8,"1,077,125",-0.286734484,58.88
2021/9/8 14:00,58.88,59.23,58.87,"367,171",-0.223031278,59.2
2021/9/8 15:00,59.2,59.25,59,"474,755",-0.162239499,59.15
2021/9/9 10:30,58.89,59.32,58.51,"922,206",-0.432552901,58.81
2021/9/9 11:30,58.81,59,58.18,"573,508",-0.279779857,58.2
2021/9/9 14:00,58.2,58.43,58,"696,774",0.059744077,58.27
2021/9/9 15:00,58.27,58.33,57.6,"673,764",0.03629817,58.08
2021/9/10 10:30,57.8,58.3,57,"1,108,019",-0.057808614,57.52
2021/9/10 11:30,57.53,57.86,57.2,"595,654",-0.017982372,57.83
2021/9/10 14:00,57.83,59.43,57.76,"970,052",-0.107003187,58.8
2021/9/10 15:00,58.8,59.68,58.8,"1,156,390",-0.107003187,59.5
2021/9/13 10:30,59.4,60.47,58.89,"1,547,431",-0.076854154,58.93
2021/9/13 11:30,58.93,59.29,58.74,"403,176",-0.105664835,58.97
2021/9/13 14:00,58.97,59.1,58.8,"325,375",-0.157521559,59.01
2021/9/13 15:00,59.01,59.3,58.91,"426,768",-0.174659197,59.1
2021/9/14 10:30,59,59.95,58.5,"1,087,471",0.14700844,59.03
2021/9/14 11:30,59.03,59.31,58.8,"334,981",0.148460187,59.28
2021/9/14 14:00,59.28,59.9,59,"928,713",0.13805182,59.3
2021/9/14 15:00,59.3,59.44,59,"529,886",0.16045591,59.12
2021/9/15 10:30,59.12,59.28,58.06,"870,118",-0.219827672,58.94
2021/9/15 11:30,58.94,59.25,58.6,"370,853",-0.116718104,58.72
2021/9/15 14:00,58.72,59.1,58.44,"313,759",0.119582079,58.5
2021/9/15 15:00,58.5,58.89,58.33,"429,258",-0.10486206,58.78
2021/9/16 10:30,59.29,59.71,58.7,"876,364",-0.196353074,58.79
2021/9/16 11:30,58.79,59.19,57.72,"1,204,626",-0.368788298,57.86
2021/9/16 14:00,57.86,58.18,56.9,"1,264,550",-0.319857294,57.01
2021/9/16 15:00,57.01,57.22,56.75,"1,295,744",-0.351629485,57.04
2021/9/17 10:30,57.61,57.61,55.99,"1,701,471",-0.18274851,56.09
2021/9/17 11:30,56.09,58.33,56,"2,474,139",-0.056719807,57.3
2021/9/17 14:00,57.5,58.72,57.5,"2,193,166",-0.142237024,58.5
2021/9/17 15:00,58.5,58.5,57.9,"1,498,685",-0.08182918,57.91
2021/9/22 10:30,56.83,57.33,56.26,"1,780,333",0.196597242,56.51
2021/9/22 11:30,56.51,56.73,56,"997,390",-0.111233221,56.15
2021/9/22 14:00,56.15,56.25,55.98,"1,182,427",-0.169011367,55.99
2021/9/22 15:00,55.99,56.28,55.97,"861,046",-0.136675986,55.99
2021/9/23 10:30,56.5,57.02,56.01,"1,188,243",0.0056508,56.58
2021/9/23 11:30,56.55,56.57,56.32,"287,388",0.10833626,56.54
2021/9/23 14:00,56.54,56.62,56.17,"274,864",0.063950606,56.23
2021/9/23 15:00,56.23,56.65,56.21,"562,815",-0.030446892,56.35
2021/9/24 10:30,56.2,56.6,55.81,"767,077",-0.061350154,56.1
2021/9/24 11:30,56.1,56.76,56.1,"524,319",-0.152217595,56.46
2021/9/24 14:00,56.46,56.66,56.42,"382,320",-0.087889712,56.54
2021/9/24 15:00,56.54,56.54,56.01,"422,533",-0.086117304,56.07
2021/9/27 10:30,56.05,57.21,56,"1,601,215",-0.098410688,56.7
2021/9/27 11:30,56.7,56.95,56.1,"578,359",-0.043426751,56.27
2021/9/27 14:00,56.28,56.49,56.01,"406,178",-0.146610152,56.32
2021/9/27 15:00,56.32,56.42,56.15,"382,984",0.128931234,56.34
2021/9/28 10:30,56.75,56.75,55.51,"1,038,989",0.174269287,55.89
2021/9/28 11:30,55.89,56.07,55.68,"319,600",0.135015879,55.72
2021/9/28 14:00,55.74,55.94,55.68,"173,915",-0.022989439,55.8
2021/9/28 15:00,55.8,55.95,55.68,"359,951",0.034815869,55.8
2021/9/29 10:30,55.47,55.48,53.78,"1,550,266",-0.248178349,54.2
2021/9/29 11:30,54.2,54.2,53.74,"570,761",-0.21813836,53.75
2021/9/29 14:00,53.74,53.9,53.5,"457,055",-0.423954152,53.72
2021/9/29 15:00,53.72,53.8,52.78,"1,173,555",-0.148609662,52.9
2021/9/30 10:30,53.1,53.83,53.03,"745,695",-0.019490193,53.69
2021/9/30 11:30,53.69,53.89,53.61,"227,962",-0.255793512,53.76
2021/9/30 14:00,53.76,53.87,53.63,"206,049",-0.086716632,53.78
2021/9/30 15:00,53.78,54.23,53.7,"488,152",-0.033591672,54.1
2021/10/8 10:30,55.37,55.4,54.62,"996,978",0,54.72
2021/10/8 11:30,54.72,55.62,54.68,"901,372",0,55.48
2021/10/8 14:00,55.48,55.58,55.24,"478,738",0,55.45
2021/10/8 15:00,55.45,55.5,55.29,"521,914",0,55.45
2021/10/11 10:30,55.88,56.73,55.46,"1,266,875",0,56
2021/10/11 11:30,55.99,56.15,55.91,"237,538",0,56.1
2021/10/11 14:00,56.1,56.19,55.55,"285,149",0,55.7
2021/10/11 15:00,55.7,56.09,55.58,"396,066",0,55.8
2021/10/12 10:30,56.07,56.07,54.95,"725,893",0,55.82
2021/10/12 11:30,55.82,56.26,55.35,"343,391",0,55.35
2021/10/12 14:00,55.35,55.35,54.65,"543,532",0,54.93
2021/10/12 15:00,54.93,55.19,54.66,"364,716",0,55.19
2021/10/13 10:30,55.19,55.69,54.73,"478,428",0,54.8
2021/10/13 11:30,54.8,54.85,54.42,"425,662",0,54.62
2021/10/13 14:00,54.62,54.87,54.51,"391,311",0,54.6
2021/10/13 15:00,54.64,54.8,54.48,"398,981",0,54.59
2021/10/14 10:30,54.55,54.8,53.8,"856,385",0,53.89
2021/10/14 11:30,53.89,53.98,53.72,"322,892",0,53.97
2021/10/14 14:00,53.97,54.5,53.86,"355,703",0,54.46
2021/10/14 15:00,54.46,54.48,54,"320,567",0,54.28
2021/10/15 10:30,54.27,54.82,53.55,"821,927",0,54.66
2021/10/15 11:30,54.66,54.66,54.21,"303,893",0,54.28
2021/10/15 14:00,54.28,54.55,54.23,"263,446",0,54.42
2021/10/15 15:00,54.36,54.44,54.1,"356,487",0,54.22
2021/10/18 10:30,54.48,54.48,52.93,"1,005,359",0,53.27
2021/10/18 11:30,53.27,53.44,53.1,"217,576",0,53.3
2021/10/18 14:00,53.3,53.68,53.27,"277,428",0,53.53
2021/10/18 15:00,53.53,53.79,53.49,"346,759",0,53.75
2021/10/19 10:30,54.01,54.68,53.64,"724,692",0,54.07
2021/10/19 11:30,54.07,54.48,53.99,"244,271",0,54.48
2021/10/19 14:00,54.5,54.51,54.3,"281,691",0,54.39
2021/10/19 15:00,54.39,54.45,54.3,"347,233",0,54.43
2021/10/20 10:30,54.34,54.73,53.71,"671,262",0,53.87
2021/10/20 11:30,53.87,54.01,53.69,"413,990",0,53.81
2021/10/20 14:00,53.8,53.94,53.65,"317,106",0,53.72
2021/10/20 15:00,53.71,53.86,53.56,"485,463",0,53.65
2021/10/21 10:30,53.97,53.97,52.88,"822,356",0,52.91
2021/10/21 11:30,52.91,53.07,52.8,"439,889",0,53.03
2021/10/21 14:00,53.03,53.04,52.78,"287,495",0,52.87
2021/10/21 15:00,52.87,52.87,52.46,"647,363",0,52.56
2021/10/22 10:30,52.6,52.75,51.48,"1,473,543",0,51.48
2021/10/22 11:30,51.48,52.3,51.46,"550,821",0,52.07
2021/10/22 14:00,52.07,52.5,51.98,"341,804",0,52.03
2021/10/22 15:00,52.03,52.1,51.58,"465,610",0,51.71
2021/10/25 10:30,51.6,51.68,50.17,"1,464,409",0,50.56
2021/10/25 11:30,50.42,50.49,49.98,"743,446",0,50.13
2021/10/25 14:00,50.13,50.14,49.8,"706,956",0,50.1
2021/10/25 15:00,50.1,50.3,49.97,"482,017",0,50.11
2021/10/26 10:30,50.72,50.72,49.72,"1,251,933",0,50.06
2021/10/26 11:30,50.06,50.21,49.93,"287,210",0,50.18
2021/10/26 14:00,50.18,51.48,50.18,"999,996",0,50.63
2021/10/26 15:00,50.63,50.64,50.28,"353,330",0,50.36
2021/10/27 10:30,50.42,50.42,48.3,"1,818,357",0,48.3
2021/10/27 11:30,48.3,48.48,48,"1,279,679",0,48.16
2021/10/27 14:00,48.16,48.16,47.59,"873,436",0,47.7
2021/10/27 15:00,47.7,47.79,47.54,"728,441",0,47.57
2021/10/28 10:30,47.5,47.95,46.91,"1,061,066",0,47.5
2021/10/28 11:30,47.5,48.17,47.5,"428,897",0,47.67
2021/10/28 14:00,47.67,47.91,47.5,"269,397",0,47.76
2021/10/28 15:00,47.77,48.15,47.51,"614,577",0,47.9
2021/10/29 10:30,47.86,48.55,47.35,"822,598",0,48.29
2021/10/29 11:30,48.29,48.4,47.9,"306,600",0,48.05
2021/10/29 14:00,48.05,48.28,48.05,"250,355",0,48.25
2021/10/29 15:00,48.25,48.49,48.2,"485,437",0,48.28
2021/11/1 10:30,48.01,48.01,46.2,"1,457,024",0,47.67
2021/11/1 11:30,47.67,47.8,47.45,"398,159",0,47.69
2021/11/1 14:00,47.69,48.18,47.61,"416,344",0,47.8
2021/11/1 15:00,47.8,48.19,47.59,"461,794",0,47.92
2021/11/2 10:30,47.76,48.67,47.75,"1,602,656",0,48
2021/11/2 11:30,48,48.04,47.5,"360,229",0,47.75
2021/11/2 14:00,47.75,47.8,46.63,"733,248",0,46.8
2021/11/2 15:00,46.8,47.08,46.7,"513,239",0,46.79
2021/11/3 10:30,47.4,47.95,47.18,"2,266,796",0,47.42
2021/11/3 11:30,47.42,47.51,47,"723,937",0,47.06
2021/11/3 14:00,47.06,47.42,47.06,"468,192",0,47.29
2021/11/3 15:00,47.29,47.85,47.17,"1,090,177",0,47.63
2021/11/4 10:30,47.89,47.98,47.04,"1,392,569",0,47.17
2021/11/4 11:30,47.16,47.74,47.16,"652,104",0,47.35
2021/11/4 14:00,47.35,47.6,47.33,"381,345",0,47.41
2021/11/4 15:00,47.41,47.64,47.2,"749,291",0,47.38
2021/11/5 10:30,47.14,47.78,47.08,"1,047,451",0,47.58
2021/11/5 11:30,47.58,48.2,47.5,"1,391,410",0,47.9
2021/11/5 14:00,47.9,47.94,47.59,"331,760",0,47.59
2021/11/5 15:00,47.58,47.58,47.29,"550,411",0,47.31
2021/11/8 10:30,48.19,48.39,46.1,"2,087,645",0,46.15
2021/11/8 11:30,46.15,46.32,45.7,"785,001",0,45.91
2021/11/8 14:00,45.91,46.31,45.91,"422,215",0,46.27
2021/11/8 15:00,46.27,46.27,45.8,"630,269",0,45.96
2021/11/9 10:30,45.99,46.49,45.5,"1,513,213",0,46.28
2021/11/9 11:30,46.31,46.4,46.22,"1,014,737",0,46.31
2021/11/9 14:00,46.3,46.9,46.3,"1,253,448",0,46.61
2021/11/9 15:00,46.61,46.72,46.48,"639,957",0,46.48
2021/11/10 10:30,46.3,46.94,46.15,"1,149,240",0,46.42
2021/11/10 11:30,46.4,46.41,45.85,"662,362",0,46.08
2021/11/10 14:00,46.08,51.32,46.08,"8,257,195",0,50
2021/11/10 15:00,50,51.21,49.86,"3,572,756",0,50.93
2021/11/11 10:30,50.42,51.34,49.6,"4,681,502",0,50.38
2021/11/11 11:30,50.39,50.63,50,"976,146",0,50.15
2021/11/11 14:00,50.11,50.31,49.6,"1,290,695",0,49.77
2021/11/11 15:00,49.77,50.22,49.64,"1,031,204",0,50.2
2021/11/12 10:30,50,51.15,49.75,"1,988,469",0,50.74
2021/11/12 11:30,50.74,50.75,50.24,"705,123",0,50.45
2021/11/12 14:00,50.45,50.8,50.35,"668,549",0,50.7
2021/11/12 15:00,50.7,50.87,50.54,"717,618",0,50.7
2021/11/15 10:30,50.67,52.63,50.1,"3,517,608",0,52.49
2021/11/15 11:30,52.48,54.29,52.44,"3,590,838",0,54.15
2021/11/15 14:00,54.15,54.15,53.6,"1,355,702",0,53.99
2021/11/15 15:00,53.99,54.04,53.72,"1,219,127",0,53.8
2021/11/16 10:30,53.8,54.48,53.3,"2,122,364",0,53.8
2021/11/16 11:30,53.8,54.3,53.5,"1,000,928",0,54.14
2021/11/16 14:00,54.14,54.58,53.55,"1,108,021",0,53.88
2021/11/16 15:00,53.88,54.79,53.8,"2,073,663",0,54.04
2021/11/17 10:30,53.99,54.58,53.33,"1,692,051",0,54.19
2021/11/17 11:30,54.19,54.75,54.14,"1,153,728",0,54.62
2021/11/17 14:00,54.62,54.67,54,"806,051",0,54.1
2021/11/17 15:00,54.14,54.28,54,"643,864",0,54.19
2021/11/18 10:30,53.8,54.45,53.25,"2,012,804",0,54.15
2021/11/18 11:30,54.15,54.4,53.65,"960,112",0,53.69
2021/11/18 14:00,53.69,53.97,53.1,"757,345",0,53.41
2021/11/18 15:00,53.41,53.46,52.83,"1,125,100",0,52.83
2021/11/19 10:30,56,57.23,54.1,"5,095,564",0,54.78
2021/11/19 11:30,54.8,55.05,54.5,"801,287",0,55
2021/11/19 14:00,55.05,55.7,54.98,"1,065,215",0,55.1
2021/11/19 15:00,55.18,55.35,54.7,"1,013,882",0,55.2
2021/11/22 10:30,58.7,60.5,56.87,"9,284,799",0,60.01
2021/11/22 11:30,60.01,60.35,59.72,"1,861,323",0,59.81
2021/11/22 14:00,59.73,59.9,58.96,"1,311,639",0,59.05
2021/11/22 15:00,59.05,59.19,58,"1,875,393",0,58.02
2021/11/23 10:30,57.51,58.03,56.23,"3,565,117",0,57.22
2021/11/23 11:30,57.22,58.8,57.1,"987,321",0,58.78
2021/11/23 14:00,58.78,59.77,58.49,"2,151,043",0,58.76
2021/11/23 15:00,58.8,59.35,58.78,"1,016,762",0,58.97
2021/11/24 10:30,58.71,60.35,58.32,"2,653,105",0,59.28
2021/11/24 11:30,59.28,59.5,58.6,"643,373",0,58.77
2021/11/24 14:00,58.82,58.82,58.3,"820,335",0,58.3
2021/11/24 15:00,58.3,58.78,58.08,"1,161,279",0,58.78
2021/11/25 10:30,59.18,60.3,58.6,"2,465,712",0,59.7
2021/11/25 11:30,59.67,59.96,59.59,"843,056",0,59.9
2021/11/25 14:00,59.91,60.2,59.66,"1,237,910",0,59.85
2021/11/25 15:00,59.83,60.14,59.76,"987,139",0,59.82
2021/11/26 10:30,60.92,60.93,59.7,"2,103,030",0,59.81
2021/11/26 11:30,59.81,59.99,58.72,"1,176,998",0,59.03
2021/11/26 14:00,59.09,59.24,58.75,"697,880",0,59.02
2021/11/26 15:00,59.01,59.2,58.89,"753,387",0,59.15
2021/11/29 10:30,61,62.5,60.1,"5,756,721",0,60.41
2021/11/29 11:30,60.41,60.65,59.78,"1,126,577",0,60.5
2021/11/29 14:00,60.5,61.59,60.08,"1,551,411",0,61.31
2021/11/29 15:00,61.31,61.55,61,"1,397,748",0,61.2
2021/11/30 10:30,60.58,61.5,59.8,"3,123,176",0,59.8
2021/11/30 11:30,59.81,60.18,59.68,"1,060,547",0,59.96
2021/11/30 14:00,59.96,60.62,59.5,"2,009,148",0,60.37
2021/11/30 15:00,60.37,60.95,59.75,"3,966,739",0,60.95
2021/12/1 10:30,59.8,60.27,58.13,"3,300,983",0,58.58
2021/12/1 11:30,58.5,58.89,58.32,"815,832",0,58.63
2021/12/1 14:00,58.63,58.7,58.1,"1,437,946",0,58.18
2021/12/1 15:00,58.18,58.34,57.51,"2,030,680",0,57.76
2021/12/2 10:30,57.78,58.2,56.62,"2,488,838",0,56.79
2021/12/2 11:30,56.79,57.25,56.57,"1,039,405",0,56.78
2021/12/2 14:00,56.87,57.07,56.38,"881,324",0,56.4
2021/12/2 15:00,56.4,56.63,55.54,"2,118,568",0,55.86
2021/12/3 10:30,56.68,57.44,56.3,"1,747,479",0,56.89
2021/12/3 11:30,56.89,57.3,56.84,"604,216",0,57.1
2021/12/3 14:00,57.1,57.29,56.92,"672,625",0,57
2021/12/3 15:00,57,57.04,56.78,"699,855",0,56.9
2021/12/6 10:30,59.9,59.96,57.45,"4,064,983",0,57.52
2021/12/6 11:30,57.53,58.45,57.25,"1,086,305",0,57.89
2021/12/6 14:00,57.89,57.96,56.82,"1,091,184",0,56.82
2021/12/6 15:00,56.83,57.13,56.28,"1,187,551",0,56.33
2021/12/7 10:30,55.62,56.97,54.8,"2,307,226",0,56.83
2021/12/7 11:30,56.9,56.93,56.2,"1,166,170",0,56.46
2021/12/7 14:00,56.47,56.57,55.8,"414,838",0,55.98
2021/12/7 15:00,55.98,56.5,55.5,"665,003",0,56.34
2021/12/8 10:30,56.56,57.47,55.88,"1,935,421",0,57.46
2021/12/8 11:30,57.46,58.32,57.35,"1,058,878",0,57.36
2021/12/8 14:00,57.36,57.76,57.23,"735,004",0,57.59
2021/12/8 15:00,57.59,57.95,57.32,"1,067,962",0,57.67
2021/12/9 10:30,59,60.55,58.58,"6,257,102",0,59.86
2021/12/9 11:30,59.87,59.9,59.44,"1,190,381",0,59.7
2021/12/9 14:00,59.7,59.77,59.16,"1,231,195",0,59.45
2021/12/9 15:00,59.45,59.99,59.27,"2,546,525",0,59.89
2021/12/10 10:30,59.49,59.77,58.65,"3,554,240",0,59.65
2021/12/10 11:30,59.65,63.98,59.65,"6,898,798",0,63.87
2021/12/10 14:00,63.87,64.56,63.52,"4,933,022",0,63.9
2021/12/10 15:00,63.9,64.52,63.5,"3,999,520",0,63.63
2021/12/13 10:30,63,64.44,62.7,"4,268,049",0,64.2
2021/12/13 11:30,64.2,64.94,64.05,"3,027,864",0,64.91
2021/12/13 14:00,64.91,64.91,64.11,"1,807,268",0,64.65
2021/12/13 15:00,64.79,65,63.82,"2,233,975",0,63.9
2021/12/14 10:30,64.8,64.8,63.93,"2,749,542",0,64.46
2021/12/14 11:30,64.46,64.7,63.55,"1,221,138",0,63.86
2021/12/14 14:00,63.86,64.18,63.02,"1,069,652",0,63.86
2021/12/14 15:00,63.88,63.99,63.38,"1,126,599",0,63.9
2021/12/15 10:30,63.9,63.95,61.88,"2,673,800",0,62.88
2021/12/15 11:30,62.89,62.93,62.15,"636,264",0,62.21
2021/12/15 14:00,62.21,62.7,61.8,"969,291",0,62.18
2021/12/15 15:00,62.18,62.23,60.61,"2,659,266",0,60.71
2021/12/16 10:30,60.71,61.63,60.23,"2,124,791",0,60.58
2021/12/16 11:30,60.59,60.62,59.68,"1,526,011",0,59.97
2021/12/16 14:00,59.97,61.18,59.97,"1,250,526",0,60.84
2021/12/16 15:00,60.84,61,60.7,"933,597",0,60.87
2021/12/17 10:30,61.3,61.55,59.91,"1,503,903",0,60.23
2021/12/17 11:30,60.26,60.95,60.01,"720,373",0,60.8
2021/12/17 14:00,60.8,60.8,60.08,"541,968",0,60.08
2021/12/17 15:00,60.08,60.48,59.66,"3,591,561",0,60.16
2021/12/20 10:30,60.05,61.19,59.9,"1,165,462",0,60.59
2021/12/20 11:30,60.6,60.6,59.9,"560,718",0,59.9
2021/12/20 14:00,59.9,59.95,58.87,"1,075,239",0,58.9
2021/12/20 15:00,58.9,59.17,58.53,"885,108",0,59.09
2021/12/21 10:30,58.9,60.36,58.56,"1,288,120",0,58.95
2021/12/21 11:30,59.01,59.31,58.62,"414,444",0,58.7
2021/12/21 14:00,58.7,59.1,58.4,"637,833",0,59.02
2021/12/21 15:00,59.02,59.33,58.91,"475,986",0,59.14
2021/12/22 10:30,59.34,59.35,57.9,"1,493,917",0,58.02
2021/12/22 11:30,58.02,58.48,57.94,"485,776",0,58.4
2021/12/22 14:00,58.4,58.65,58.22,"473,478",0,58.43
2021/12/22 15:00,58.43,58.5,58.05,"603,934",0,58.05
2021/12/23 10:30,58.16,59.05,58.03,"1,428,650",0,58.46
2021/12/23 11:30,58.45,58.9,58.28,"657,312",0,58.58
2021/12/23 14:00,58.58,58.7,57.93,"884,621",0,58
2021/12/23 15:00,58,58.53,58,"793,162",0,58.51
2021/12/24 10:30,58.51,58.88,57.34,"2,092,409",0,58.72
2021/12/24 11:30,58.72,59.84,58.53,"2,272,505",0,59.71
2021/12/24 14:00,59.63,60.5,59.22,"2,314,262",0,60.36
2021/12/24 15:00,60.36,60.42,59.14,"1,431,938",0,59.27
2021/12/27 10:30,59.7,60.18,58.01,"1,519,657",0,58.35
2021/12/27 11:30,58.45,58.87,58.15,"574,663",0,58.19
2021/12/27 14:00,58.19,58.38,57.64,"1,002,241",0,58.02
2021/12/27 15:00,58.02,58.06,57.25,"1,315,389",0,57.35
2021/12/28 10:30,57.02,57.83,56.72,"1,900,248",0,57.4
2021/12/28 11:30,57.4,58.98,57.13,"2,306,189",0,58.89
2021/12/28 14:00,58.89,59.32,58.42,"1,265,855",0,58.51
2021/12/28 15:00,58.51,58.69,58.46,"1,262,991",0,58.66
2021/12/29 10:30,59,59.3,57.68,"1,053,136",0,58.08
2021/12/29 11:30,58.08,58.88,57.9,"478,206",0,58.69
2021/12/29 14:00,58.69,58.69,57.9,"359,705",0,58.02
2021/12/29 15:00,57.99,58.1,57.5,"644,575",0,57.58
2021/12/30 10:30,57.7,57.89,56.9,"868,542",0,57.42
2021/12/30 11:30,57.42,57.51,57.1,"368,177",0,57.22
2021/12/30 14:00,57.27,57.75,57.17,"377,944",0,57.5
2021/12/30 15:00,57.5,57.87,57.3,"536,799",0,57.59
2021/12/31 10:30,59.52,63.59,59.4,"7,484,687",0,63.06
2021/12/31 11:30,63.06,66.15,62.98,"6,984,109",0,65.45
2021/12/31 14:00,65.45,68.75,65.45,"5,325,737",0,67.63
2021/12/31 15:00,67.63,68.3,66.8,"3,067,960",0,66.98
2022/1/4 10:30,65,65,61,"9,379,294",-0.295158026,61.4
2022/1/4 11:30,61.37,61.84,60.48,"2,539,073",-0.188187426,61.26
2022/1/4 14:00,61.26,61.77,60.7,"1,856,929",0.094295576,60.8
2022/1/4 15:00,60.74,60.98,60.21,"2,779,350",-0.077613538,60.3
2022/1/5 10:30,59,59.49,57.52,"4,649,459",-0.148841122,57.58
2022/1/5 11:30,57.58,58.4,57.3,"1,075,914",-0.105760361,58.19
2022/1/5 14:00,58.19,58.19,57.61,"745,389",-0.027645686,57.84
2022/1/5 15:00,57.84,58.45,57.81,"910,735",-0.025815721,58.15
2022/1/6 10:30,58.01,58.55,57.35,"1,434,690",0.268902082,57.48
2022/1/6 11:30,57.45,57.49,56.58,"1,453,033",0.15912128,57.05
2022/1/6 14:00,57.05,57.36,56.89,"607,775",0.052637976,57.09
2022/1/6 15:00,57.08,57.12,56.66,"1,084,545",0.086225927,56.68
2022/1/7 10:30,56.99,57.85,56.6,"1,471,160",0.174275244,57.38
2022/1/7 11:30,57.4,57.57,57.01,"538,242",0.029082258,57.1
2022/1/7 14:00,57.1,57.54,56.98,"450,998",-0.476590032,57.1
2022/1/7 15:00,57.1,57.26,56.88,"834,923",-0.482055501,57.21
2022/1/10 10:30,57.64,59.99,57.38,"3,063,110",0.022813787,59.86
2022/1/10 11:30,59.86,60.17,59.51,"802,195",-0.023580596,59.74
2022/1/10 14:00,59.74,59.9,58.63,"701,985",0.197188001,58.8
2022/1/10 15:00,58.8,59.58,58.75,"757,250",0.145811581,59.55
2022/1/11 10:30,60.65,61.99,59.75,"2,934,649",0.102264203,60.36
2022/1/11 11:30,60.36,61.38,60.13,"1,058,498",0.03227355,61.2
2022/1/11 14:00,61.2,62.13,60.9,"1,895,275",0.354646038,62.05
2022/1/11 15:00,62.05,62.49,61.83,"1,722,510",0.15763407,61.88
2022/1/12 10:30,62.49,62.73,61.3,"2,213,998",0.142764331,62
2022/1/12 11:30,62,62.37,61.73,"666,351",0.119041392,62.3
2022/1/12 14:00,62.3,66.55,62.3,"5,454,147",0.200398374,65.21
2022/1/12 15:00,65.16,65.55,64.69,"1,851,081",0.240081331,64.7
2022/1/13 10:30,65,65.98,63.22,"2,947,804",0.053603294,63.52
2022/1/13 11:30,63.52,65.6,63.28,"1,322,623",-0.050240834,65.56
2022/1/13 14:00,65.56,68.02,65.56,"5,458,382",0.143956239,66.38
2022/1/13 15:00,66.37,66.76,65.89,"1,744,204",0.131354864,66.4
2022/1/14 10:30,67.49,72.02,66.14,"10,496,754",0.117606668,71.88
2022/1/14 11:30,71.94,72.88,70.76,"4,523,344",0.006721248,71.59
2022/1/14 14:00,71.63,78.73,71.63,"10,526,840",0.16178717,77.43
2022/1/14 15:00,77.43,77.63,75.88,"5,308,061",0.170682113,76.5
2022/1/17 10:30,80,87.24,78.5,"21,189,515",0.094146697,86.82
2022/1/17 11:30,86.8,87.66,84.4,"4,017,189",0.027838133,85.73
2022/1/17 14:00,85.79,86.18,82.11,"4,091,447",-0.085464054,83.69
2022/1/17 15:00,83.69,89.68,82.84,"7,653,647",0.017900971,84.96
2022/1/18 10:30,85,87.94,80.08,"16,417,864",0.006916803,81.92
2022/1/18 11:30,82,84.88,81.9,"3,242,854",0.043018795,82.77
2022/1/18 14:00,82.99,83.33,80.22,"3,981,798",-0.020073164,81.9
2022/1/18 15:00,81.9,84.89,81.9,"4,305,880",0.082187101,83.15
2022/1/19 10:30,80.84,84.34,79.39,"11,373,658",0.210282977,82.38
2022/1/19 11:30,82.33,84.11,80.36,"3,733,261",0.072186994,81.24
2022/1/19 14:00,81.17,83.45,80.67,"2,273,034",-0.020750492,83.4
2022/1/19 15:00,83.36,83.36,80.99,"2,356,107",0.04901326,82.04
2022/1/20 10:30,83.95,88.19,82.53,"12,664,144",0.112704654,82.77
2022/1/20 11:30,82.72,85.24,82.2,"3,093,495",0.178910932,84.8
2022/1/20 14:00,84.8,86.3,83.3,"2,910,546",-0.127054661,83.41
2022/1/20 15:00,83.4,83.45,81.92,"4,691,685",0.032752437,82.53
2022/1/21 10:30,77.51,80.98,73.68,"14,779,771",0.202773644,75.99
2022/1/21 11:30,75.81,76.85,75.12,"2,020,394",0.0682007,75.81
2022/1/21 14:00,75.81,76.48,75.3,"1,499,854",0.021336751,75.8
2022/1/21 15:00,75.8,76.14,74.03,"4,630,423",0.006304845,74.1
2022/1/24 10:30,72.4,79.87,72,"8,438,589",0.163091946,77
2022/1/24 11:30,77.24,77.54,75.4,"1,810,168",0.09326652,75.45
2022/1/24 14:00,75.45,76.31,75,"1,262,320",-0.110238144,75
2022/1/24 15:00,75.16,75.56,74.48,"1,804,079",-0.01819385,74.63
2022/1/25 10:30,75.01,76,72.35,"4,700,862",-0.170549191,72.79
2022/1/25 11:30,72.87,72.93,71.5,"2,499,712",-0.205025327,72.25
2022/1/25 14:00,72.25,72.49,70.48,"2,288,711",-0.187471466,71.37
2022/1/25 15:00,71.41,71.63,69.88,"2,919,516",0.028757629,70.2
2022/1/26 10:30,69,71.7,64.15,"8,926,219",0.002118474,64.77
2022/1/26 11:30,64.81,65.25,63.23,"3,233,193",0.048710454,63.6
2022/1/26 14:00,63.5,64.1,63.02,"3,093,419",-0.033712236,63.37
2022/1/26 15:00,63.37,63.76,62.7,"2,259,831",-0.00869522,63
2022/1/27 10:30,65,65.99,61.95,"3,882,135",0.090822752,62.22
2022/1/27 11:30,62.22,62.7,61.59,"1,471,576",-0.145789286,62.17
2022/1/27 14:00,62.16,64.3,61.51,"3,034,132",0.006834595,63.21
2022/1/27 15:00,63.11,63.23,62,"3,079,556",0.055523938,62.1
2022/1/28 10:30,62.72,63.11,59.69,"3,582,490",-0.038445509,60.6
2022/1/28 11:30,60.61,60.74,59.75,"1,779,602",0.054307488,59.96
2022/1/28 14:00,59.9,60.78,59.38,"1,996,402",-0.230859518,59.78
2022/1/28 15:00,59.75,59.84,58.91,"2,335,132",-0.186871162,59.13
2022/2/7 10:30,60,60.67,58.08,"3,804,637",0.042820257,59.35
2022/2/7 11:30,59.35,59.41,58.49,"1,389,808",-0.144381486,59.1
2022/2/7 14:00,59.1,59.15,58.18,"1,086,983",0.118640055,58.52
2022/2/7 15:00,58.51,58.97,58.31,"1,661,409",0.24733646,58.9
2022/2/8 10:30,58,58.9,57.16,"2,260,694",0.047038145,57.84
2022/2/8 11:30,57.89,57.94,57.11,"1,281,742",0.053724074,57.13
2022/2/8 14:00,57.13,57.69,56.86,"1,242,331",-0.123962192,57.11
2022/2/8 15:00,57.08,57.5,56.96,"1,628,512",-0.113946686,57.3
2022/2/9 10:30,56.7,57.78,56.3,"2,693,499",-0.097535338,57.19
2022/2/9 11:30,57.19,58.22,56.91,"2,940,218",-0.192300584,57.73
2022/2/9 14:00,57.73,57.92,57.06,"1,336,873",0.045093247,57.43
2022/2/9 15:00,57.43,57.92,57.27,"1,578,997",-0.064558033,57.92
2022/2/10 10:30,57.93,58.34,56.88,"3,035,121",-0.14548093,56.98
2022/2/10 11:30,56.94,57.31,56.7,"2,038,681",-0.21764401,56.79
2022/2/10 14:00,57,57,56.05,"2,621,382",-0.424299663,56.25
2022/2/10 15:00,56.25,56.54,55.9,"2,144,175",-0.262660313,55.96
2022/2/11 10:30,56.05,56.77,54.6,"2,409,129",-0.283801827,54.79
2022/2/11 11:30,54.76,55.09,54.6,"1,056,195",-0.230722353,54.66
2022/2/11 14:00,54.66,54.74,53.77,"1,688,279",-0.044414751,53.8
2022/2/11 15:00,53.8,53.94,53.02,"2,340,506",-0.182574563,53.45
2022/2/14 10:30,55.31,62.14,55.31,"10,765,225",0.197118615,59.92
2022/2/14 11:30,60,60.55,59.53,"1,225,624",-0.004734972,59.96
2022/2/14 14:00,59.96,60,58.79,"1,422,921",0.184034747,59.08
2022/2/14 15:00,59.17,60.1,58.83,"2,159,802",0.034931489,60.08
2022/2/15 10:30,59,62.11,57.89,"5,339,200",0.135541042,59.85
2022/2/15 11:30,59.85,59.86,58.7,"1,800,937",0.057533258,59.05
2022/2/15 14:00,59.05,59.05,57.99,"1,626,927",-0.002769916,58.41
2022/2/15 15:00,58.53,59.13,58.16,"1,777,673",-0.059330499,58.86
2022/2/16 10:30,58.5,60.38,57.88,"3,609,040",0.202935819,60.05
2022/2/16 11:30,60.15,62.68,59.87,"3,840,861",0.216112315,61.22
2022/2/16 14:00,61.22,61.81,60.81,"1,255,893",0.065020432,61.6
2022/2/16 15:00,61.56,61.8,60.81,"1,172,477",0.218220091,60.81
2022/2/17 10:30,60.57,61.68,59.69,"3,387,342",0.036852531,60.8
2022/2/17 11:30,60.8,60.97,60.21,"799,236",0.042689528,60.66
2022/2/17 14:00,60.67,61.37,60.2,"1,400,579",0.017741566,60.83
2022/2/17 15:00,60.83,60.96,60.2,"1,342,821",0.103961258,60.54
2022/2/18 10:30,60.39,64.64,60.21,"6,119,705",0.072474915,63.47
2022/2/18 11:30,63.47,66.18,63.35,"2,910,464",0.036670177,65.02
2022/2/18 14:00,65.02,65.8,64.67,"1,304,364",0.205347035,64.95
2022/2/18 15:00,64.95,65.49,64.57,"1,474,140",0.071101185,65.01
2022/2/21 10:30,64.3,67.08,64,"4,211,260",0.007070389,65.31
2022/2/21 11:30,65.31,66.68,64.7,"1,709,470",0.054418708,66.56
2022/2/21 14:00,66.56,69.9,66.47,"3,176,083",0.14330196,69.66
2022/2/21 15:00,69.81,69.99,68.65,"2,295,706",0.253926813,68.98
2022/2/22 10:30,68,68.98,65.48,"5,739,101",0.255922026,66.51
2022/2/22 11:30,66.5,67.21,66.03,"1,183,265",0.20521732,66.5
2022/2/22 14:00,66.5,67.41,66,"1,626,315",0.169934411,66.58
2022/2/22 15:00,66.54,67.75,66.06,"1,488,168",0.169934411,67.74
2022/2/23 10:30,67.22,72.22,67.08,"5,397,459",0.133675742,71.05
2022/2/23 11:30,70.91,71.63,70.65,"1,014,122",0.130686168,70.65
2022/2/23 14:00,70.68,70.83,69.3,"1,575,877",-0.109682181,69.8
2022/2/23 15:00,69.8,70.13,69.61,"1,026,927",0.171899327,69.8
2022/2/24 10:30,69.5,74.29,68.88,"5,445,108",0.002614103,73.73
2022/2/24 11:30,73.71,75.64,73.03,"3,095,320",0.053285383,73.78
2022/2/24 14:00,73.91,73.91,70.71,"4,315,668",0.034829058,70.75
2022/2/24 15:00,70.72,72.23,70,"3,284,671",0.131104452,71.86
2022/2/25 10:30,73.3,73.85,70.75,"5,385,233",0.174323839,73.01
2022/2/25 11:30,73.01,74.97,72.93,"3,165,712",0.176171899,73.33
2022/2/25 14:00,73.33,75.02,73.26,"1,776,208",0.196118562,74.36
2022/2/25 15:00,74.36,74.37,73.45,"1,614,816",0.222544695,74.23
2022/2/28 10:30,72.99,74.47,69.5,"5,935,379",0.222708129,71.73
2022/2/28 11:30,71.9,71.93,69.46,"3,270,364",0.016024946,71.33
2022/2/28 14:00,71.33,71.42,70.2,"981,583",-0.309830162,71.09
2022/2/28 15:00,71.1,72.71,71.05,"1,963,933",0.226901855,72
2022/3/1 10:30,71,73.5,70.97,"3,175,648",0.232519795,72.74
2022/3/1 11:30,72.74,72.75,70.79,"1,626,224",0.134215322,70.79
2022/3/1 14:00,70.79,72.46,70.6,"1,918,505",0.30309355,72.12
2022/3/1 15:00,72.12,72.41,71.57,"1,298,464",0.125578605,71.57
2022/3/2 10:30,71.9,71.9,69.18,"3,585,600",-6.86E-05,69.42
2022/3/2 11:30,69.43,71.37,69.41,"1,499,628",-0.041202106,71.3
2022/3/2 14:00,71.3,71.3,70.06,"920,516",-0.276278309,70.88
2022/3/2 15:00,70.88,71.86,70.47,"1,356,345",0.004229972,71.75
2022/3/3 10:30,71.69,77.16,71.69,"8,401,211",0.113783649,77.12
2022/3/3 11:30,77.12,80.34,76.8,"4,247,151",0.195195143,79.37
2022/3/3 14:00,79.31,79.5,77.88,"1,919,401",-0.102490826,77.95
2022/3/3 15:00,77.95,78.04,76.12,"2,812,478",-0.005068856,76.38
2022/3/4 10:30,76,80.29,75.66,"7,160,147",0.273300871,79.16
2022/3/4 11:30,79.11,79.3,77.61,"2,075,357",0.145317833,78
2022/3/4 14:00,78,78.49,76.6,"2,117,694",0.308996775,76.83
2022/3/4 15:00,76.83,77.64,76.55,"2,112,427",0.248081374,77
2022/3/7 10:30,78.58,81.47,77.5,"8,083,682",-0.003437132,81.37
2022/3/7 11:30,81.31,81.31,79.59,"1,268,198",-0.000323457,79.59
2022/3/7 14:00,79.58,79.87,78.34,"1,415,264",-0.036813344,78.4
2022/3/7 15:00,78.4,79.01,78.14,"1,819,503",0.100989959,78.76
2022/3/8 10:30,75,76.88,72.01,"8,275,360",-0.041028283,72.7
2022/3/8 11:30,72.54,72.8,70,"3,700,108",0.003122609,70.99
2022/3/8 14:00,70.99,71.54,68.18,"2,535,624",-0.052490748,68.24
2022/3/8 15:00,68.52,69.54,67.3,"4,080,462",-0.214905239,67.5
2022/3/9 10:30,68.01,70.45,66.2,"5,909,951",-0.084299988,68
2022/3/9 11:30,68.02,68.75,67.38,"1,615,625",-0.156658275,67.5
2022/3/9 14:00,67.5,68.49,65.88,"2,879,229",0.224913715,67.67
2022/3/9 15:00,67.63,69.2,66.89,"2,374,278",0.126919611,69.01
2022/3/10 10:30,71,71.48,68.4,"4,585,575",0.22566455,69.56
2022/3/10 11:30,69.56,72,69.38,"2,109,212",-0.005156386,71.53
2022/3/10 14:00,71.53,74.55,70.99,"5,001,811",0.108063213,73.5
2022/3/10 15:00,73.5,76.32,73.3,"3,906,914",-0.045216459,76
2022/3/11 10:30,76.8,80.25,75.2,"10,728,285",0.108911211,80
2022/3/11 11:30,79.93,79.96,76.8,"2,622,539",0.175760832,77.72
2022/3/11 14:00,77.72,81.47,77.6,"5,293,128",0.048074347,81.06
2022/3/11 15:00,81.02,82.1,79.91,"3,884,298",-0.01749555,82.1
2022/3/14 10:30,85.02,90.4,82.8,"15,406,761",0.085779794,84.5
2022/3/14 11:30,84.5,87,84.13,"1,927,410",-0.0068019,86.23
2022/3/14 14:00,86.23,86.71,80.66,"3,365,146",-0.106591841,81.51
2022/3/14 15:00,81.51,83.3,79.15,"6,291,618",-0.126733331,79.47
2022/3/15 10:30,77,81.8,76.76,"9,801,915",-0.060440246,80.46
2022/3/15 11:30,80.46,81.8,79.24,"2,730,243",0.317276379,80.34
2022/3/15 14:00,80.34,80.5,77.04,"3,861,333",-0.013931121,77.7
2022/3/15 15:00,77.75,78.32,76.3,"3,551,544",0.04215724,77.36
2022/3/16 10:30,80.4,80.45,73.2,"10,353,514",0.123205079,74.53
2022/3/16 11:30,74.7,78.3,73.8,"3,398,055",0.151229939,77.94
2022/3/16 14:00,78.68,82.5,76.69,"6,672,090",-0.078277389,76.77
2022/3/16 15:00,76.77,79.08,76.71,"3,484,231",-0.09577283,76.71
2022/3/17 10:30,77.9,83.34,76,"11,872,861",0.071351605,82
2022/3/17 11:30,81.57,87.38,80.75,"7,140,494",0.037785424,86.73
2022/3/17 14:00,86.73,87.77,82.88,"5,455,142",0.15437994,83.2
2022/3/17 15:00,83.28,84.3,82.12,"3,087,790",-0.022480988,83.91
2022/3/18 10:30,81.88,89.49,81,"15,000,111",-0.045583729,88.03
2022/3/18 11:30,88.03,89.2,87.29,"3,433,318",-0.015654612,87.81
2022/3/18 14:00,87.81,91.77,86.6,"5,662,155",0.006863101,90.9
2022/3/18 15:00,90.73,93.5,88.76,"6,945,005",0.029503795,93.5
2022/3/21 10:30,93.5,93.5,88.18,"13,436,022",-0.112731018,91.15
2022/3/21 11:30,91.18,92.37,89.61,"2,701,548",0.034540592,91.5
2022/3/21 14:00,92,98.3,90.88,"7,645,868",0.018205227,94.88
2022/3/21 15:00,94.88,96.3,93.41,"3,879,699",0.086867344,95.35
2022/3/22 10:30,92.5,93.87,89.21,"8,134,160",0.158574634,90.58
2022/3/22 11:30,90.59,92.02,90,"2,281,940",0.091903769,91.75
2022/3/22 14:00,91.75,93.62,90.4,"2,750,737",0.080578294,90.99
2022/3/22 15:00,90.99,92.1,88.86,"3,624,355",-0.054107233,88.89
2022/3/23 10:30,88.23,94.75,88.23,"8,579,902",0.177416792,94.14
2022/3/23 11:30,94.1,94.42,91.2,"2,562,559",0.206224683,91.56
2022/3/23 14:00,91.6,91.97,89.07,"2,549,632",-0.014865913,90.7
2022/3/23 15:00,90.71,91.27,89,"2,673,080",-0.050141049,89.9
2022/3/24 10:30,88.88,92.91,87.01,"6,026,624",0.101396438,92.06
2022/3/24 11:30,92.07,92.63,90.16,"2,188,161",-0.059176513,91.15
2022/3/24 14:00,91.3,93.99,91.3,"3,963,228",-0.098926631,93.72
2022/3/24 15:00,93.73,94.2,92,"3,706,647",-0.173577994,92.17
2022/3/25 10:30,92,92.99,88.52,"7,097,030",-0.076885551,90
2022/3/25 11:30,90,92.31,89.7,"2,054,559",-0.212265329,89.96
2022/3/25 14:00,89.96,90.74,88.8,"1,717,407",0.285199592,89.58
2022/3/25 15:00,89.58,89.93,87.8,"3,221,124",0.310303872,87.8
2022/3/28 10:30,88.51,91.79,88.25,"6,446,432",0.137239502,88.5
2022/3/28 11:30,88.5,89.65,87.8,"1,875,215",-0.172202787,88.27
2022/3/28 14:00,88.27,89,87.56,"1,555,006",-0.19081113,88.49
2022/3/28 15:00,88.49,88.9,84.83,"5,125,535",-0.151549493,86.48
2022/3/29 10:30,85.1,87.25,84.3,"5,016,257",-0.053950206,85.6
2022/3/29 11:30,85.6,88.16,85.29,"2,371,993",0.002709528,86.48
2022/3/29 14:00,86.48,87.69,84.78,"1,888,541",-0.049906059,85.56
2022/3/29 15:00,85.56,86.02,82.81,"4,145,719",-0.035445076,84
2022/3/30 10:30,83.95,85.39,81,"5,987,705",-0.318823276,85.18
2022/3/30 11:30,85.2,86.18,84.53,"2,671,777",-0.171550454,85.68
2022/3/30 14:00,85.68,86.34,85.18,"1,510,727",0.10461457,85.67
2022/3/30 15:00,85.67,86.99,85.52,"2,561,759",0.005759724,85.99
2022/3/31 10:30,85,88.77,84.32,"6,402,673",0.147607352,87.14
2022/3/31 11:30,87.14,88.2,86.52,"2,052,869",-0.272114617,87.85
2022/3/31 14:00,87.85,88,84.89,"3,040,643",0.004098372,85.19
2022/3/31 15:00,85.19,87.25,85.18,"2,165,661",-0.106010827,87.19
2022/4/1 10:30,85.79,86.27,82.86,"5,336,043",0.206455712,83.79
2022/4/1 11:30,83.8,84.56,82.88,"1,844,230",0.054059851,83
2022/4/1 14:00,83,83.98,82.5,"1,699,945",0.024906248,83.93
2022/4/1 15:00,83.94,85.54,83.55,"2,231,269",0.004200722,85.01
2022/4/6 10:30,85.1,86.4,83.83,"4,170,109",0.202031647,84.96
2022/4/6 11:30,84.94,85.6,84.2,"1,040,814",0.204897234,84.41
2022/4/6 14:00,84.41,84.47,80.01,"4,308,401",-0.074240886,80.97
2022/4/6 15:00,80.97,81.12,78.91,"3,751,167",-0.0851166,80.51
2022/4/7 10:30,80,81.44,77.7,"4,419,938",0.008381751,79.53
2022/4/7 11:30,79.53,80.8,79.2,"1,306,367",-0.068583425,79.44
2022/4/7 14:00,79.44,80.17,79,"1,355,041",-0.067245042,80.02
2022/4/7 15:00,80,80.67,79.64,"1,283,035",0.258278252,80.2
2022/4/8 10:30,79.9,80,75.91,"5,096,919",-0.215013754,77.33
2022/4/8 11:30,77.38,78.28,76.56,"1,122,583",-0.334303059,77.57
2022/4/8 14:00,77.57,78.82,77.33,"1,090,400",-0.018019792,77.73
2022/4/8 15:00,77.73,77.97,76.9,"1,705,339",-0.045090147,77.48
2022/4/11 10:30,77.46,79.8,75.66,"4,143,719",-0.410903401,75.79
2022/4/11 11:30,75.8,77.53,75.77,"1,167,645",-0.088233365,77.25
2022/4/11 14:00,77.25,78.62,76.29,"1,248,203",0.143755146,76.79
2022/4/11 15:00,76.89,77.13,75.8,"1,842,539",0.134038684,76.8
2022/4/12 10:30,76.99,76.99,73.39,"3,613,562",-0.232243619,73.88
2022/4/12 11:30,73.89,74.53,73.61,"1,507,766",-0.144174347,74.23
2022/4/12 14:00,74.23,75.77,73.55,"1,572,576",0.434404164,74.78
2022/4/12 15:00,74.8,75.19,74.2,"1,810,958",0.016607116,74.64
2022/4/13 10:30,74.3,75.5,72.13,"3,082,415",-0.074372655,72.4
2022/4/13 11:30,72.4,73.02,71.47,"1,916,501",-0.104659737,71.6
2022/4/13 14:00,71.6,74.01,70.51,"2,724,616",-0.098619664,73.25
2022/4/13 15:00,73.25,73.35,71.02,"1,703,612",-0.024280887,71.02
2022/4/14 10:30,72.5,75.98,71.75,"5,279,280",-0.103965407,75
2022/4/14 11:30,74.89,76.8,73.68,"2,854,040",0.24381529,76.11
2022/4/14 14:00,76.11,76.85,75.66,"1,693,084",0.093956339,76.51
2022/4/14 15:00,76.51,76.82,75.82,"1,624,645",0.069179813,76.4
2022/4/15 10:30,76.5,81.49,75.5,"7,146,394",-0.118683089,80.51
2022/4/15 11:30,80.51,82.93,80.14,"3,790,049",0.081076427,82.92
2022/4/15 14:00,82.8,87.8,82.6,"6,223,809",0.051401693,86.88
2022/4/15 15:00,86.9,87.5,84.1,"2,929,202",0.060904663,85.19
2022/4/18 10:30,87.03,89.48,84.81,"9,950,900",0.099909463,87.8
2022/4/18 11:30,87.91,88.2,86.61,"1,386,019",0.05382101,87.36
2022/4/18 14:00,87.36,88.38,86.6,"2,254,520",0.050910054,88.3
2022/4/18 15:00,88.3,88.89,87.2,"2,464,446",0.032440085,87.58
2022/4/19 10:30,86.53,89.98,85.85,"5,073,138",0.088324248,86.7
2022/4/19 11:30,86.73,87.14,85.4,"2,315,260",-0.024032822,85.83
2022/4/19 14:00,85.83,86.69,84.73,"2,358,810",0.099105555,84.86
2022/4/19 15:00,84.81,86.13,84.73,"1,647,337",0.1758456,86
2022/4/20 10:30,85,86.25,82.51,"4,695,638",-0.108942601,83
2022/4/20 11:30,83,84.54,82.89,"1,392,273",-0.171312257,83.56
2022/4/20 14:00,83.56,83.92,81.5,"3,009,660",0.050386155,82.1
2022/4/20 15:00,82.1,82.94,81.6,"2,097,935",0.067828933,81.6
2022/4/21 10:30,82.94,88.2,82.9,"7,174,196",0.2245557,87.29
2022/4/21 11:30,87.22,87.22,85.69,"2,007,147",0.150927044,85.86
2022/4/21 14:00,85.86,87.49,85.28,"2,137,451",-0.018724688,85.8
2022/4/21 15:00,85.79,86.16,84.7,"2,342,412",-0.177111562,86.1
2022/4/22 10:30,86.08,86.08,82.4,"3,801,935",0.065066537,83.49
2022/4/22 11:30,83.48,84.25,82.8,"1,141,422",-0.001203881,83.61
2022/4/22 14:00,83.61,85.38,83.3,"1,338,255",-0.066406114,85
2022/4/22 15:00,85,85.35,83.39,"1,707,674",-0.103673046,83.56
2022/4/25 10:30,82.65,87,82.13,"4,779,292",0.14355459,84.18
2022/4/25 11:30,84.28,85.98,84.2,"1,695,002",0.188706544,84.5
2022/4/25 14:00,84.5,85.28,81.5,"2,289,383",-0.15361167,81.5
2022/4/25 15:00,81.56,85.5,80.77,"3,781,329",0.150916882,83.3
2022/4/26 10:30,82.11,85,82,"4,476,089",-0.137360439,84.97
2022/4/26 11:30,84.95,85.5,83.5,"1,729,699",-0.021842737,83.96
2022/4/26 14:00,83.96,84.68,82.86,"1,658,931",0.255973286,83.66
2022/4/26 15:00,83.75,84.49,82.8,"2,394,088",0.183608114,84.49
2022/4/27 10:30,81.99,83.28,76.51,"6,450,019",0.105187333,81
2022/4/27 11:30,81,81.8,79.51,"1,112,103",0.090398537,81.05
2022/4/27 14:00,81.05,82.5,80.41,"1,798,502",0.083811265,81.73
2022/4/27 15:00,81.73,81.97,81,"1,484,419",0.002733236,81.66
2022/4/28 10:30,82.04,82.92,78.4,"4,623,234",-0.036760334,82.64
2022/4/28 11:30,82.5,84,81.85,"2,314,298",-0.055364482,83.26
2022/4/28 14:00,83.26,96.8,82.2,"7,330,314",0.149719581,93.32
2022/4/28 15:00,93.51,97.44,92.5,"7,319,073",0.151782639,95.15
2022/4/29 10:30,93,95.8,92.11,"6,721,219",9.43E-05,94.49
2022/4/29 11:30,94.45,98.9,93.66,"3,948,042",0.204118771,98.11
2022/4/29 14:00,98.2,98.37,95.45,"3,162,282",0.033165967,96.85
2022/4/29 15:00,96.85,98.22,95,"3,523,685",-0.104838929,95.46
2022/5/5 10:30,97,103.4,95.7,"10,257,028",0.063607827,101.89
2022/5/5 11:30,101.89,103.74,100.84,"2,559,360",0.093338497,103
2022/5/5 14:00,103,104.76,102,"2,696,888",0.051122543,102.38
2022/5/5 15:00,102.32,102.69,100.7,"2,387,838",0.159857152,100.7
2022/5/6 10:30,97.22,103.7,97.2,"5,850,194",0.032110565,103
2022/5/6 11:30,103,104.13,101.02,"2,473,526",-0.068287582,101.05
2022/5/6 14:00,101.05,102.28,97.14,"3,475,817",0.019927713,98.01
2022/5/6 15:00,98.01,100.5,97.5,"2,057,672",0.058859935,100
2022/5/9 10:30,99.97,102.48,97.58,"5,039,709",-0.003322635,99.14
2022/5/9 11:30,99.14,106.17,98.6,"5,718,250",-0.005071518,104.8
2022/5/9 14:00,104.8,107.63,104.5,"4,416,785",0.128678902,107.42
2022/5/9 15:00,107.3,108.05,105.9,"2,931,694",0.056423122,107
2022/5/10 10:30,106.34,113.4,105.99,"10,027,834",0.06577295,110.26
2022/5/10 11:30,110.21,110.9,106.5,"3,663,579",-0.012674942,106.81
2022/5/10 14:00,106.81,108.78,102.3,"5,836,589",-0.130296771,103.98
2022/5/10 15:00,103.86,108,103.5,"3,093,743",-0.141999251,106.03
2022/5/11 10:30,107.03,110.8,105.8,"6,800,971",-0.031429161,109.3
2022/5/11 11:30,109.25,111.96,108.51,"3,529,063",0.065179145,111.88
2022/5/11 14:00,111.99,121,111.99,"9,006,514",0.104504718,115.01
2022/5/11 15:00,115.02,116.47,113.48,"2,989,601",0.160964706,114.28
2022/5/12 10:30,116.57,126.25,116.2,"14,634,089",0.045502915,124.83
2022/5/12 11:30,124.6,131.42,123.63,"7,401,367",0.031072589,128.19
2022/5/12 14:00,128.19,129.5,117.8,"8,398,267",-0.135618671,119.66
2022/5/12 15:00,119.66,125.95,119.57,"3,745,594",-0.145641062,125.7
2022/5/13 10:30,127.2,128,120.81,"11,828,793",0.102637954,126.49
2022/5/13 11:30,126.75,128.84,125,"3,107,018",0.081555993,126.96
2022/5/13 14:00,127,130.68,125.72,"3,807,595",0.092315625,129.85
2022/5/13 15:00,129.85,129.86,125.84,"4,214,814",0.040219636,128.85
2022/5/16 10:30,126,126,117.85,"13,053,090",-0.028711154,118.3
2022/5/16 11:30,118.05,119.77,113.5,"5,358,779",-0.00698705,116.93
2022/5/16 14:00,117.92,122.88,116.96,"3,691,393",0.084441839,122.58
2022/5/16 15:00,122.58,125.2,120.21,"4,907,379",0.075495287,120.3
2022/5/17 10:30,123,126.66,113,"13,196,297",-0.054712759,113
2022/5/17 11:30,113.36,115.02,108.5,"8,456,069",-0.11356513,109.1
2022/5/17 14:00,109,113,109,"3,872,758",-0.076764684,112
2022/5/17 15:00,112.58,114,110,"4,479,305",-0.16686348,110
2022/5/18 10:30,108.06,115.7,106.7,"11,498,811",0.041138633,111.71
2022/5/18 11:30,111.77,112.9,109.47,"2,608,393",0.011786811,110.01
2022/5/18 14:00,110,110.98,106.82,"5,104,376",-0.040323454,107.7
2022/5/18 15:00,107.91,109.73,106.88,"4,010,125",-0.081917164,106.9
2022/5/19 10:30,109,111.7,106,"8,142,308",0.043059027,108.62
2022/5/19 11:30,108.77,114.78,108.56,"6,194,959",0.006235746,114.12
2022/5/19 14:00,114.12,117.88,114.12,"4,548,865",0.091369135,115.87
2022/5/19 15:00,115.87,116.76,113.15,"3,328,173",0.032364367,115.12
2022/5/20 10:30,123,125.19,111,"13,695,802",0.059060906,112.38
2022/5/20 11:30,112.46,113.28,106.5,"6,286,067",-0.10417013,107.4
2022/5/20 14:00,107.4,113.95,107.4,"4,635,444",-0.093966694,112.87
2022/5/20 15:00,112.87,113.44,109.88,"3,541,857",-0.12921711,111.84
2022/5/23 10:30,109,112.12,106,"7,146,267",0.018580791,107.84
2022/5/23 11:30,107.99,108.44,105,"5,852,618",-0.105658708,106.26
2022/5/23 14:00,106.2,107.6,105.7,"2,037,317",-0.069746698,106
2022/5/23 15:00,106,107.91,103.3,"8,440,450",-0.027537703,107
2022/5/24 10:30,109.59,109.59,88.3,"27,881,078",-0.018913659,88.96
2022/5/24 11:30,88.95,92.49,88.5,"4,739,114",-0.081465022,89.76
2022/5/24 14:00,89.76,92.21,87,"5,426,981",-0.119056531,88
2022/5/24 15:00,88,88,85.6,"9,047,094",-0.115592118,85.6
2022/5/25 10:30,85,88.73,82.87,"13,053,244",0.011087247,86.23
2022/5/25 11:30,86.23,90.83,85.6,"6,070,850",0.04869301,90.72
2022/5/25 14:00,90.72,91.5,88.25,"4,899,075",0.053841499,88.72
2022/5/25 15:00,88.8,89.29,87.8,"3,255,410",-0.003088221,89.1
2022/5/26 10:30,88.5,92.86,85.56,"13,670,344",0.070196397,90.6
2022/5/26 11:30,90.58,91.48,90,"2,097,429",0.027753648,91.32
2022/5/26 14:00,91.32,91.93,89.54,"2,531,803",-0.009247899,90.12
2022/5/26 15:00,90.15,90.53,88.7,"3,326,660",0.037532253,88.88
2022/5/27 10:30,89.95,91,86.95,"6,068,405",0.103279154,87.87
2022/5/27 11:30,87.87,88.2,86.1,"3,214,317",-0.027211721,87.52
2022/5/27 14:00,87.52,88.36,86.71,"1,918,067",-0.081814297,86.77
2022/5/27 15:00,86.77,87.24,85.49,"3,564,114",0.012853328,86.39
2022/5/30 10:30,85.16,85.18,79.9,"11,444,353",-0.159836714,82.56
2022/5/30 11:30,82.58,83.35,81.78,"2,581,715",-0.117961474,82.05
2022/5/30 14:00,82.05,82.9,81.32,"2,316,999",-0.057318943,81.66
2022/5/30 15:00,81.66,83.58,81.56,"3,304,042",-0.038427756,82.92
2022/5/31 10:30,82.57,83.9,80.9,"5,293,633",-0.104285411,81.68
2022/5/31 11:30,81.72,84.3,81.7,"3,034,537",-0.158462749,82.64
2022/5/31 14:00,82.41,84.45,82.41,"3,390,564",0.013668434,83.04
2022/5/31 15:00,83.03,84.48,82.48,"3,510,900",-0.066671657,84.48
2022/6/1 10:30,83,83,76.62,"15,166,974",-0.227359603,78.46
2022/6/1 11:30,78.47,78.74,75.88,"6,073,706",-0.191831614,75.9
2022/6/1 14:00,75.88,75.88,70.82,"14,690,966",-0.118001421,73.37
2022/6/1 15:00,73.37,73.5,72,"3,884,849",-0.129917999,73.28
2022/6/2 10:30,72.3,75.6,72.3,"11,569,488",-0.135700085,73.8
2022/6/2 11:30,73.8,74.05,72.72,"2,956,093",-0.141432271,73.91
2022/6/2 14:00,73.91,75.2,73.91,"2,855,652",-0.028052072,75.07
2022/6/2 15:00,75.12,76.25,75.12,"4,610,347",-0.017770182,76.2
2022/6/6 10:30,73.74,74.99,73.28,"5,993,821",-0.092725532,74.18
2022/6/6 11:30,74.2,76.9,74.2,"4,232,234",-0.057314601,76.7
2022/6/6 14:00,76.75,78,76.75,"4,236,058",0.09555221,77.77
2022/6/6 15:00,77.77,78.23,76.98,"3,743,917",0.041439655,77
2022/6/7 10:30,77.36,82.3,76.8,"11,801,589",-0.01386711,81
2022/6/7 11:30,80.97,84.4,79.99,"5,587,025",-0.037773361,84.32
2022/6/7 14:00,84.32,84.7,82.52,"4,585,482",0.06509723,83.49
2022/6/7 15:00,83.49,84.15,82.9,"3,061,743",0.089855696,83.54
2022/6/8 10:30,82.1,85.7,81.2,"7,231,574",0.106493913,84.37
2022/6/8 11:30,84.37,84.57,81.88,"3,314,273",0.088995343,83.06
2022/6/8 14:00,83.06,83.46,82,"1,979,842",-0.072052036,82.85
2022/6/8 15:00,82.85,84.7,82.8,"2,440,287",-0.054040288,83.3
2022/6/9 10:30,82.74,85,82.4,"3,650,088",0.103551732,83.22
2022/6/9 11:30,83.21,84.26,82.96,"1,564,247",0.194412196,83.21
2022/6/9 14:00,83.27,83.8,82,"2,266,980",0.100859059,83.72
2022/6/9 15:00,83.73,85.18,83.5,"4,277,410",0.085307281,85.08
2022/6/10 10:30,85,89.52,84.1,"7,644,215",-0.044497312,87.92
2022/6/10 11:30,87.92,88.06,85.6,"3,082,876",-0.067785428,86
2022/6/10 14:00,86.2,88.33,85.8,"3,872,897",0.01210434,86.98
2022/6/10 15:00,86.98,87.43,85.91,"4,281,084",0.015321329,87.23
2022/6/13 10:30,86,86,81.5,"7,724,291",0.071033419,84.67
2022/6/13 11:30,84.7,84.9,82.8,"2,058,813",0.002339512,83
2022/6/13 14:00,82.99,84.56,82.86,"1,557,962",-0.107836595,83.15
2022/6/13 15:00,83.15,83.66,82.6,"2,044,382",-0.07404589,82.7
2022/6/14 10:30,82,85.3,81.71,"5,101,681",0.017422769,82.72
2022/6/14 11:30,82.72,82.74,80.8,"2,199,449",-0.052611543,81.63
2022/6/14 14:00,81.63,82.3,81.03,"1,078,313",-0.016177671,81.95
2022/6/14 15:00,81.95,83.16,81.6,"1,888,137",0.034183478,82.6
2022/6/15 10:30,81,83.32,80.05,"4,959,811",0.048500648,80.66
2022/6/15 11:30,80.66,82.25,80.56,"1,431,529",0.046425451,82.21
2022/6/15 14:00,82.21,82.5,81.21,"1,946,360",-0.063537601,82.07
2022/6/15 15:00,82.04,82.06,80.05,"2,412,903",-0.200430425,80.21
2022/6/16 10:30,80.33,82.46,80.33,"4,663,461",0.236006752,81.45
2022/6/16 11:30,81.45,82.4,81.16,"1,230,535",0.079019682,81.5
2022/6/16 14:00,81.5,81.65,80.11,"2,060,390",-0.170725217,80.28
2022/6/16 15:00,80.3,80.99,80.26,"1,937,681",-0.141908536,80.46
2022/6/17 10:30,79.66,81,79,"2,887,255",0.091227896,80.35
2022/6/17 11:30,80.35,80.58,78.71,"1,981,192",0.014862237,79.74
2022/6/17 14:00,79.74,89.58,79.74,"12,071,194",0.057383271,86.51
2022/6/17 15:00,86.45,87.8,85,"5,000,039",0.022911234,85
2022/6/20 10:30,85,85,80.9,"7,646,206",-0.119337802,81
2022/6/20 11:30,81,82.44,80.94,"2,274,094",-0.081585954,81.4
2022/6/20 14:00,81.4,81.83,80.37,"3,138,480",-0.155526771,80.47
2022/6/20 15:00,80.47,81.1,80.3,"2,588,165",-0.083497779,80.37
2022/6/21 10:30,79.81,80.3,76.35,"5,607,836",-0.054891002,79.47
2022/6/21 11:30,79.48,81.5,79.31,"2,121,548",-0.089865355,80.58
2022/6/21 14:00,80.58,81.06,79.23,"1,549,450",0.042920145,79.26
2022/6/21 15:00,79.25,79.85,78.89,"1,791,189",-0.159572307,79.65
2022/6/22 10:30,79.4,82,79.03,"4,751,602",0.198681617,79.65
2022/6/22 11:30,79.65,79.72,77.89,"2,796,549",-0.061843831,78.4
2022/6/22 14:00,78.4,79.2,78.05,"1,613,011",-0.03049675,78.23
2022/6/22 15:00,78.31,78.38,77,"2,610,692",-0.099639707,77.25
2022/6/23 10:30,77.26,77.8,73.65,"6,724,813",-0.1056438,74.1
2022/6/23 11:30,74,74.68,73.8,"2,067,124",-0.10190467,74.27
2022/6/23 14:00,74.27,74.9,73.61,"2,396,284",-0.136958962,74.59
2022/6/23 15:00,74.59,75.32,74.59,"2,294,334",-0.057462231,74.92
2022/6/24 10:30,75.03,77.7,75,"3,937,454",-0.146119652,77.2
2022/6/24 11:30,77.25,78.35,76.79,"1,949,043",-0.077480437,76.85
2022/6/24 14:00,76.84,78.51,76.21,"3,358,681",-0.093781346,78.2
2022/6/24 15:00,78.2,79.67,78.2,"3,613,894",-0.066873866,78.6
2022/6/27 10:30,80.52,82.5,77.81,"6,761,683",-0.106982864,78.81
2022/6/27 11:30,78.81,79.25,78.2,"1,374,677",-0.107551119,79.22
2022/6/27 14:00,79.18,79.65,78.36,"1,244,477",-0.123850154,78.66
2022/6/27 15:00,78.79,79,78.16,"1,825,288",-0.07346374,78.25
2022/6/28 10:30,77.5,77.94,75.88,"3,594,734",-0.137297886,75.92
2022/6/28 11:30,75.95,77.36,75.95,"1,083,123",-0.123356003,76.78
2022/6/28 14:00,76.78,80.55,76.78,"4,645,826",0.011690668,78.91
2022/6/28 15:00,78.9,80.3,78.7,"3,364,320",-0.073669576,79.75
2022/6/29 10:30,78.5,78.5,74.6,"6,908,092",-0.063777852,74.66
2022/6/29 11:30,74.6,76.05,74.58,"1,920,579",-0.151823923,75.51
2022/6/29 14:00,75.51,75.66,74.82,"1,720,001",-0.103134672,74.99
2022/6/29 15:00,75,75.21,74.62,"2,411,903",-0.113137489,74.76
2022/6/30 10:30,75.25,75.84,74.12,"2,629,648",-0.0421056,75.55
2022/6/30 11:30,75.52,76.66,75.37,"1,208,976",-0.098260219,75.87
2022/6/30 14:00,75.87,78.5,75.85,"3,980,908",-0.082133236,76.06
2022/6/30 15:00,76.21,76.99,75.19,"1,821,033",-0.051343192,75.34
2022/7/1 10:30,75.32,75.75,73.69,"3,027,944",-0.009028748,74.4
2022/7/1 11:30,74.4,76.33,74.4,"1,689,271",-0.134708641,75.45
2022/7/1 14:00,75.45,76.1,74.64,"1,474,582",-0.265748019,74.97
2022/7/1 15:00,74.82,75.18,74,"2,166,935",-0.33181524,74
2022/7/4 10:30,75,76.66,74.26,"4,596,403",0.10903624,76.06
2022/7/4 11:30,76.08,76.93,75.83,"2,011,286",0.102916854,76.88
2022/7/4 14:00,76.88,77.6,76.66,"2,028,780",-0.027929621,76.66
2022/7/4 15:00,76.66,76.88,76.5,"1,474,169",-0.105039163,76.75
2022/7/5 10:30,76.98,76.98,74.01,"4,288,997",-0.205883006,74.7
2022/7/5 11:30,74.71,74.75,73.38,"2,085,646",-0.225121206,74.44
2022/7/5 14:00,74.44,75.42,73.5,"1,627,298",-0.034194732,74.05
2022/7/5 15:00,74.02,74.83,73.87,"1,431,452",0.159164608,74.69
2022/7/6 10:30,74.66,77.6,74.66,"5,411,210",0.076960371,75.73
2022/7/6 11:30,75.74,75.9,74.78,"1,407,771",0.0708648,75.02
2022/7/6 14:00,75.02,75.43,74.49,"1,327,636",0.108090018,74.73
2022/7/6 15:00,74.73,74.74,74.1,"1,847,843",-0.009758011,74.64
2022/7/7 10:30,76.8,76.98,71.49,"5,576,765",-0.032204639,72.55
2022/7/7 11:30,72.55,73.3,72,"1,691,215",-0.091754268,72.99
2022/7/7 14:00,72.99,74.88,72.99,"1,852,192",-0.135729714,73.56
2022/7/7 15:00,73.56,73.77,73,"1,484,459",-0.077385463,73.3
2022/7/8 10:30,73.4,73.8,72.37,"3,007,609",-0.042856793,73.15
2022/7/8 11:30,73.14,73.33,71.84,"2,094,682",-0.046151171,72.74
2022/7/8 14:00,72.74,72.8,71.58,"2,342,090",-0.20729241,71.58
2022/7/8 15:00,71.6,72.28,71.55,"2,723,008",-0.121640866,72.28
2022/7/11 10:30,72,74.19,71.69,"4,443,358",-0.067087649,73.25
2022/7/11 11:30,73.29,73.77,72.6,"1,538,059",0.001468162,73.15
2022/7/11 14:00,73.15,73.93,72.83,"1,727,620",0.03463044,73.51
2022/7/11 15:00,73.51,73.92,73.22,"2,127,354",-0.044275716,73.33
2022/7/12 10:30,73.32,73.32,68.89,"5,932,254",-0.111044085,69.22
2022/7/12 11:30,69.22,69.97,68.7,"2,267,635",-0.126595397,69.2
2022/7/12 14:00,69.2,69.49,68.5,"2,043,035",-0.069549931,68.7
2022/7/12 15:00,68.7,69.17,68.31,"2,606,084",-0.130760067,68.31
2022/7/13 10:30,68.68,69.28,67.8,"3,077,981",-0.128335139,68.43
2022/7/13 11:30,68.44,69.26,68.39,"1,207,369",-0.14716433,69
2022/7/13 14:00,69,69.68,68.32,"1,627,166",-0.257861094,68.4
2022/7/13 15:00,68.43,68.9,68.3,"1,105,365",-0.228093427,68.71
2022/7/14 10:30,69.4,70.34,68.7,"2,820,474",0.10618169,70.1
2022/7/14 11:30,70.02,70.1,69.25,"1,147,055",-0.014472385,69.65
2022/7/14 14:00,69.65,69.79,68.72,"1,190,552",-0.190180652,68.93
2022/7/14 15:00,68.93,69,68.28,"1,325,033",-0.162336389,68.29
2022/7/15 10:30,68.6,68.8,66.77,"3,806,556",-0.18578031,68.23
2022/7/15 11:30,68.23,68.65,67.2,"1,109,531",-0.164076299,67.41
2022/7/15 14:00,68.1,70.88,67.73,"4,354,549",0.024538556,68.88
2022/7/15 15:00,68.8,69,68.15,"1,617,422",0.046760165,68.21
2022/7/18 10:30,67.22,67.8,62.54,"7,661,406",-0.181923776,63.43
2022/7/18 11:30,63.43,65.13,63.43,"1,398,757",-0.160252535,65.09
2022/7/18 14:00,65.1,65.35,64.63,"1,106,683",-0.166067481,64.81
2022/7/18 15:00,64.81,65.18,64.4,"1,908,788",-0.169078158,65
2022/7/19 10:30,65.19,65.32,63.77,"2,471,777",-0.23445262,64.17
2022/7/19 11:30,64.17,64.19,63.78,"1,413,383",-0.132094991,63.95
2022/7/19 14:00,63.95,63.96,63.3,"1,845,947",-0.210016438,63.52
2022/7/19 15:00,63.54,64.45,63.4,"1,327,758",-0.280275698,64.21
2022/7/20 10:30,64.22,65.45,64.07,"2,155,242",-0.140002975,64.79
2022/7/20 11:30,64.79,64.86,64.22,"738,955",-0.147310141,64.77
2022/7/20 14:00,64.77,64.86,64.2,"757,520",-0.147101105,64.37
2022/7/20 15:00,64.37,64.6,64.14,"1,150,755",-0.243721282,64.44
2022/7/21 10:30,64.06,66.55,64,"3,468,877",0.048067849,66.36
2022/7/21 11:30,66.36,68.65,66.06,"4,565,843",0.101866792,66.94
2022/7/21 14:00,66.94,67.03,66.5,"963,602",0.055711486,66.8
2022/7/21 15:00,66.8,67.47,66.65,"1,509,074",0.024890011,66.85
2022/7/22 10:30,67.01,68.14,66.29,"2,881,106",0.002216542,66.4
2022/7/22 11:30,66.4,66.75,65.69,"1,059,305",-0.066345506,65.71
2022/7/22 14:00,65.71,65.84,64.9,"1,160,965",0.000579514,65.29
2022/7/22 15:00,65.29,65.59,64.85,"982,637",-0.073471901,65.34
2022/7/25 10:30,65.51,66.28,64.5,"2,231,677",-0.221339196,65.51
2022/7/25 11:30,65.43,65.52,64.55,"596,418",-0.160638205,64.61
2022/7/25 14:00,64.64,65,64.1,"855,719",0.034353776,64.25
2022/7/25 15:00,64.25,64.57,64.12,"712,167",0.037937194,64.35
2022/7/26 10:30,61.5,65.3,61.5,"3,687,910",-0.010350204,64.94
2022/7/26 11:30,65,66.25,64.78,"1,719,678",0.077617051,65.58
2022/7/26 14:00,65.58,65.98,64.96,"953,645",0.225608386,65
2022/7/26 15:00,65.02,66.99,65,"2,374,437",0.254363603,66.03
2022/7/27 10:30,65.55,66.55,63.7,"2,892,037",-0.008354959,64.27
2022/7/27 11:30,64.27,64.5,63.85,"663,246",-0.021981708,64.35
2022/7/27 14:00,64.35,64.88,64.17,"935,431",0.082245322,64.32
2022/7/27 15:00,64.44,64.71,64.27,"1,055,844",-0.0059695,64.4
2022/7/28 10:30,64.4,65,63.11,"2,503,464",-0.092412975,64.07
2022/7/28 11:30,64.07,64.1,63.21,"1,154,944",-0.107528436,63.39
2022/7/28 14:00,63.39,63.46,62.9,"1,681,581",-0.079494848,62.97
2022/7/28 15:00,62.97,62.97,62.2,"2,017,969",-0.127727655,62.31
2022/7/29 10:30,62.04,62.47,61.05,"2,560,704",-0.061794133,61.3
2022/7/29 11:30,61.3,61.63,60.84,"1,400,256",-0.137804884,60.9
2022/7/29 14:00,60.9,61.15,60.44,"1,351,929",-0.117141542,60.94
2022/7/29 15:00,60.94,61.64,60.8,"1,348,087",-0.110444228,61.39
2022/8/1 10:30,61,61.57,59.8,"2,202,659",-0.298032585,61.57
2022/8/1 11:30,61.57,61.83,61.15,"682,557",-0.09674093,61.25
2022/8/1 14:00,61.25,61.5,60.9,"571,431",-0.037343178,61.14
2022/8/1 15:00,61.14,61.14,60.6,"975,309",-0.033699429,60.68
2022/8/2 10:30,60.06,60.1,57.96,"4,077,680",-0.286979722,58.57
2022/8/2 11:30,58.57,58.65,57.4,"1,608,426",-0.248846371,57.81
2022/8/2 14:00,57.81,59.44,57.81,"1,027,177",0.059805392,59.42
2022/8/2 15:00,59.42,59.65,58.51,"1,494,460",-0.006834361,58.7
2022/8/3 10:30,58.86,59.45,57.8,"2,913,270",-0.159688494,58.2
2022/8/3 11:30,58.2,58.5,57.85,"960,934",-0.169066156,58.27
2022/8/3 14:00,58.27,59.81,58.11,"2,496,128",0.079786591,59.37
2022/8/3 15:00,59.36,59.4,58.1,"1,728,705",-0.063584985,58.15
2022/8/4 10:30,58.25,60.34,58.25,"3,630,232",0.004775518,59.06
2022/8/4 11:30,58.9,59.02,58.35,"881,217",-0.155670347,58.4
2022/8/4 14:00,58.4,58.65,57.66,"1,031,272",-0.279893228,58.06
2022/8/4 15:00,58.06,58.68,57.91,"1,337,966",-0.234918292,58.31
2022/8/5 10:30,58.8,59.9,58.5,"3,435,964",0.0010723,58.88
2022/8/5 11:30,58.88,59.3,58.67,"1,015,191",-0.083220242,59.23
2022/8/5 14:00,59.21,59.44,58.68,"852,880",-0.12507617,59.21
2022/8/5 15:00,59.21,60.6,59.13,"3,084,691",-0.065918462,60.4
2022/8/8 10:30,60.4,61.77,59.88,"4,686,411",-0.020635346,59.96
2022/8/8 11:30,59.96,59.97,59.4,"1,638,039",-0.087222085,59.69
2022/8/8 14:00,59.64,59.7,58.77,"1,600,626",-0.090999786,58.9
2022/8/8 15:00,58.9,59.5,58.85,"1,041,448",-0.08791831,59.22
2022/8/9 10:30,59.1,59.55,58.3,"2,081,656",0.0906697,59.3
2022/8/9 11:30,59.35,59.8,58.81,"843,471",0.041968996,59.8
2022/8/9 14:00,59.8,60.11,59.22,"900,729",-0.247942294,59.37
2022/8/9 15:00,59.37,59.85,59.34,"1,009,223",0.009315381,59.79
2022/8/10 10:30,59.2,59.77,58.6,"1,822,266",-0.212957218,58.78
2022/8/10 11:30,58.8,58.91,58.21,"1,221,954",-0.232889957,58.47
2022/8/10 14:00,58.47,58.47,57.89,"1,334,893",-0.227840603,57.99
2022/8/10 15:00,58,58.12,57.6,"1,924,549",-0.139076493,57.77
2022/8/11 10:30,58.22,59.73,58.01,"2,553,133",-0.210891546,59.4
2022/8/11 11:30,59.45,61.27,59.18,"3,721,575",-0.103900377,60.5
2022/8/11 14:00,60.43,60.54,60.11,"1,039,927",-0.083644221,60.28
2022/8/11 15:00,60.28,60.54,60.15,"1,148,773",-0.082812444,60.5
2022/8/12 10:30,60.21,60.38,59.35,"1,979,964",0.105534388,60.02
2022/8/12 11:30,60.02,60.33,59.9,"700,732",0.067749028,60.18
2022/8/12 14:00,60.18,60.21,59.7,"698,421",-0.001246394,59.92
2022/8/12 15:00,59.93,60.17,59.82,"984,509",-0.003911367,59.89
