date,open,high,low,volume,sentiment
2021/7/5 10:30,77.73,78.5,76.54,725305,0.5
2021/7/5 11:30,78.28,78.29,77.23,253126,0.5
2021/7/5 14:00,77.44,77.44,76.4,343055,0.5
2021/7/5 15:00,76.95,77.17,76.43,343649,0.5
2021/7/6 10:30,75.88,77,75.28,701623,0.307689682
2021/7/6 11:30,75.29,75.31,73.01,998873,0.308588633
2021/7/6 14:00,73.25,74.48,73.19,270254,0.339211708
2021/7/6 15:00,74.25,74.29,74,281139,0.284579098
2021/7/7 10:30,73.4,74.7,73.24,458746,0.338760625
2021/7/7 11:30,74.18,74.38,73.88,185662,0.473135912
2021/7/7 14:00,73.99,73.99,73.24,341751,0.489369906
2021/7/7 15:00,73.7,73.89,73.61,350679,0.396610124
2021/7/8 10:30,73.7,74.14,71.55,995444,0.422469728
2021/7/8 11:30,71.91,72.19,71.66,296082,0.352980377
2021/7/8 14:00,71.97,72.28,71.2,280896,0.0607332
2021/7/8 15:00,71.43,71.66,71.17,466181,0.227126127
2021/7/9 10:30,71.69,73.83,71.12,894641,0.061809449
2021/7/9 11:30,72.65,73.39,72.4,189889,0.448108958
2021/7/9 14:00,72.65,73.13,72.46,167933,0.5
2021/7/9 15:00,73.12,73.38,72.75,290832,0.5
2021/7/12 10:30,72.57,73.77,71.47,785168,0.549386096
2021/7/12 11:30,72.74,72.95,72.27,345220,0.228006507
2021/7/12 14:00,72.9,74.2,72.77,510380,0.488915008
2021/7/12 15:00,73.97,74.5,73.69,445515,0.472226364
2021/7/13 10:30,74,76.5,73.61,1057998,0.297054748
2021/7/13 11:30,74.89,75.3,74.56,228869,0.95204392
2021/7/13 14:00,75.02,75.39,74.48,305678,0.658909619
2021/7/13 15:00,75.39,75.6,75.19,353793,0.329997736
2021/7/14 10:30,75.6,77.18,74.3,885975,0.012856251
2021/7/14 11:30,76.45,76.68,75.47,384696,0.361945514
2021/7/14 14:00,75.5,76.37,74.54,420534,0.236696999
2021/7/14 15:00,74.65,74.93,73.78,550405,0.155436815
2021/7/15 10:30,68.9,70.5,66.65,6611940,0.383460331
2021/7/15 11:30,68.03,68.27,66.68,2119335,0.406284932
2021/7/15 14:00,66.75,67.4,66,2128144,0.398754507
2021/7/15 15:00,66.42,66.47,65.4,3295475,0.463829705
2021/7/16 10:30,66,66,64.7,5669116,0.564650599
2021/7/16 11:30,64.93,66.44,64.93,2387369,0.526370453
2021/7/16 14:00,66.13,66.69,65.86,2796986,0.396303086
2021/7/16 15:00,66.05,66.05,65.08,2085204,0.400778329
2021/7/19 10:30,65.22,65.22,63.4,3961438,0.450099353
2021/7/19 11:30,63.4,63.9,63,1472888,0.428009065
2021/7/19 14:00,63.65,63.85,62.84,1226890,0.339698807
2021/7/19 15:00,63.14,63.25,62.72,1142358,0.296647087
2021/7/20 10:30,63.44,64.02,62.73,1855283,0.540639689
2021/7/20 11:30,62.99,63.39,62.85,987813,0.420008188
2021/7/20 14:00,62.95,63.35,62.95,523748,0.354477836
2021/7/20 15:00,63.13,63.3,63.1,570806,0.26677226
2021/7/21 10:30,62.95,63.65,62.3,2022061,0.286420149
2021/7/21 11:30,62.33,62.55,61.77,1681091,0.321954118
2021/7/21 14:00,62.1,62.79,61.96,1002566,0.198429446
2021/7/21 15:00,62.2,62.7,62.09,1111687,0.311514315
2021/7/22 10:30,62.96,63.8,62.53,2365700,0.372798109
2021/7/22 11:30,63.3,63.3,62.58,778411,0.384675595
2021/7/22 14:00,62.99,63.66,62.72,1228911,0.753997622
2021/7/22 15:00,63.6,64.5,63.58,2600111,0.681156595
2021/7/23 10:30,63.3,63.5,61.8,2509552,0.511736411
2021/7/23 11:30,61.96,62.2,61.84,587100,0.443039726
2021/7/23 14:00,61.93,62.5,61.93,782876,0.6044097
2021/7/23 15:00,62.32,62.36,61.99,727828,0.279287564
2021/7/26 10:30,61.86,62.57,61.16,1684760,0.256114892
2021/7/26 11:30,61.39,61.57,59.89,1262114,0.237072559
2021/7/26 14:00,60.18,61.9,59.98,1625120,0.187386582
2021/7/26 15:00,61.58,61.88,61.16,1138999,0.374228516
2021/7/27 10:30,60.8,61.88,60.32,1230289,0.490278635
2021/7/27 11:30,60.42,61.34,60.42,611022,0.381851649
2021/7/27 14:00,61.06,61.06,60.2,1126872,0.514927907
2021/7/27 15:00,60.44,60.55,59.38,1822156,0.491377611
2021/7/28 10:30,59.11,59.57,56.89,2327421,0.379869075
2021/7/28 11:30,57.45,58.3,57.38,934067,0.375745071
2021/7/28 14:00,57.47,57.7,57.27,1302770,0.378862204
2021/7/28 15:00,57.43,57.55,57.15,1216077,0.309698797
2021/7/29 10:30,58,58.96,57.72,2729156,0.495031342
2021/7/29 11:30,58.74,58.81,58.1,1042828,0.508008743
2021/7/29 14:00,58.17,58.66,58.01,1182916,0.496659064
2021/7/29 15:00,58.11,58.45,58.11,1527765,0.394307349
2021/7/30 10:30,58.3,59,57.5,2311710,0.339400319
2021/7/30 11:30,58.45,58.87,58.32,1172424,0.543209952
2021/7/30 14:00,58.49,60.18,58.44,3037543,0.320169387
2021/7/30 15:00,60.03,60.97,60.01,2027582,0.499593646
2021/8/2 10:30,60.04,61.76,59.56,3203679,0.135851888
2021/8/2 11:30,60.68,61.33,60.45,1592801,0.1873707
2021/8/2 14:00,61.23,61.98,61.12,1654868,0.430644752
2021/8/2 15:00,61.59,61.75,61.09,1305602,0.225470235
2021/8/3 10:30,61.17,63.66,61.02,4593203,0.750409544
2021/8/3 11:30,63.4,63.47,62.62,1423412,0.535715493
2021/8/3 14:00,62.62,63.15,62.35,1378130,0.433482425
2021/8/3 15:00,63.14,63.2,62.75,1219411,0.410347137
2021/8/4 10:30,62.8,63.3,61.96,2404373,0.478396141
2021/8/4 11:30,62.6,63.75,62.49,1206902,0.319891125
2021/8/4 14:00,63.25,63.33,62.66,664919,0.565642756
2021/8/4 15:00,62.84,62.96,62.45,1142800,0.593812852
2021/8/5 10:30,63.31,64.42,63,2379080,0.499973311
2021/8/5 11:30,63.5,63.5,63.02,624908,0.468719964
2021/8/5 14:00,63.15,63.43,62.68,909420,0.390354618
2021/8/5 15:00,62.75,63.13,62.6,825929,0.538186303
2021/8/6 10:30,62.16,62.87,61.3,2081609,0.459805375
2021/8/6 11:30,61.78,61.8,61.4,722951,0.478121968
2021/8/6 14:00,61.41,61.78,61.1,878266,0.955872878
2021/8/6 15:00,61.25,61.98,61.1,669370,0.807543112
2021/8/9 10:30,62.98,63.8,62.88,2851664,0.715671239
2021/8/9 11:30,63.25,64.28,63.06,2064520,0.521872584
2021/8/9 14:00,64.18,64.22,63.6,934104,0.066774251
2021/8/9 15:00,63.89,64.04,63.8,938630,0.294014494
2021/8/10 10:30,63.63,64.29,63.2,1870002,0.541773574
2021/8/10 11:30,63.9,64.93,63.62,1675820,0.607392109
2021/8/10 14:00,64.88,64.95,64.45,1121566,0.606204082
2021/8/10 15:00,64.51,64.77,64.33,859652,0.467904166
2021/8/11 10:30,65,65.06,63.7,1556046,0.625774642
2021/8/11 11:30,63.9,63.98,63.4,978546,0.602716769
2021/8/11 14:00,63.7,64.39,63.57,924472,0.477369712
2021/8/11 15:00,64.04,64.25,63.75,858814,0.646669808
2021/8/12 10:30,64.02,64.4,63.3,1471855,0.373917486
2021/8/12 11:30,63.43,63.43,62.78,920362,0.308184188
2021/8/12 14:00,62.81,63.3,62.3,1287914,0.788625464
2021/8/12 15:00,62.69,62.73,62.29,979258,0.784120238
2021/8/13 10:30,62.8,63.16,61.9,1281584,0.55204343
2021/8/13 11:30,62.1,62.15,61.4,616916,0.415839674
2021/8/13 14:00,61.59,61.74,60.83,993230,0.476063834
2021/8/13 15:00,61,61.28,60.8,837800,0.544990744
2021/8/16 10:30,61,61.09,60.15,1357019,0.461773575
2021/8/16 11:30,60.3,60.47,60.17,725176,0.435383406
2021/8/16 14:00,60.43,60.62,60.27,739638,0.943682205
2021/8/16 15:00,60.56,60.6,60.25,1036779,0.71784836
2021/8/17 10:30,60.34,60.79,59.86,1038910,0.695933584
2021/8/17 11:30,60.05,60.35,59.5,590353,0.292330208
2021/8/17 14:00,59.57,59.57,58.77,827833,0.298007811
2021/8/17 15:00,58.93,59.05,58.58,980884,0.211749873
2021/8/18 10:30,58.58,59.56,58.28,967697,0.639668122
2021/8/18 11:30,58.41,58.53,57.8,736475,0.570264005
2021/8/18 14:00,58.12,58.35,57.83,647727,0.746624053
2021/8/18 15:00,57.97,58.23,57.9,768275,0.467995825
2021/8/19 10:30,58.27,63.5,57.8,5166514,0.630214878
2021/8/19 11:30,63.35,65.95,63.35,5703809,0.619474479
2021/8/19 14:00,64.38,64.6,63.68,1615085,0.531775123
2021/8/19 15:00,63.94,64.12,63.49,1729867,0.710095001
2021/8/20 10:30,62,63,60.51,3967805,0.43484953
2021/8/20 11:30,60.84,60.85,59.8,1616862,0.461644046
2021/8/20 14:00,59.85,60.3,59.35,937956,0.720430245
2021/8/20 15:00,59.93,60.24,59.1,1692588,0.594910023
2021/8/23 10:30,58.8,61.1,58.38,2433307,0.22135868
2021/8/23 11:30,60.9,60.9,59.9,974246,0.085725691
2021/8/23 14:00,60.48,61,60.4,840974,0.439249088
2021/8/23 15:00,60.47,60.71,60.3,812614,0.533981096
2021/8/24 10:30,60.96,61.48,58.93,2759188,0.314935979
2021/8/24 11:30,59.17,59.2,58.6,1372644,0.41633651
2021/8/24 14:00,58.99,59.42,58.9,781227,0.912592761
2021/8/24 15:00,59.11,59.2,58.88,864365,0.762642284
2021/8/25 10:30,59.35,60.39,58.65,1732282,0.837639098
2021/8/25 11:30,59.66,59.66,58.98,734559,0.659310183
2021/8/25 14:00,59.28,59.99,59.2,686188,0.370601566
2021/8/25 15:00,59.66,60,59.6,712896,0.429465698
2021/8/26 10:30,59.13,60.4,58.7,1477628,0.658715388
2021/8/26 11:30,59.08,59.27,58.71,1071978,0.386796224
2021/8/26 14:00,58.72,59.03,58.58,601086,0.34548083
2021/8/26 15:00,58.72,58.99,58.2,1114365,0.421650231
2021/8/27 10:30,58.5,58.98,57.91,1155920,0.298803833
2021/8/27 11:30,58.35,58.36,57.95,648227,0.124957005
2021/8/27 14:00,58.02,58.34,57.94,433604,0.456068613
2021/8/27 15:00,57.98,58.18,57.83,809718,0.507378597
2021/8/30 10:30,60,60.86,59.33,3583953,0.40298279
2021/8/30 11:30,60.01,60.7,59.85,1690938,0.440594053
2021/8/30 14:00,60.57,60.99,60.11,1782484,0.395396269
2021/8/30 15:00,60.18,60.54,60.03,1467507,0.529269289
2021/8/31 10:30,58.2,59.88,56.61,4463073,0.509862526
2021/8/31 11:30,56.89,57.23,56.62,1437444,0.476193579
2021/8/31 14:00,56.7,57,55.71,1859331,0.471281576
2021/8/31 15:00,56.22,56.25,55.75,1571288,0.474498967
2021/9/1 10:30,55.9,57.35,55,2249813,0.368255781
2021/9/1 11:30,57,57.06,56.6,547051,0.450919611
2021/9/1 14:00,56.89,56.99,56.71,401447,0.072408285
2021/9/1 15:00,56.85,57,56.63,570003,0.364511913
2021/9/2 10:30,57,57.27,56.55,976027,0.252067962
2021/9/2 11:30,56.86,56.86,56.34,501217,0.435775379
2021/9/2 14:00,56.47,56.51,56.37,406031,0.310213291
2021/9/2 15:00,56.5,57.49,56.49,832236,0.357043201
2021/9/3 10:30,56.9,57.89,56.69,892726,0.164314705
2021/9/3 11:30,57.4,57.46,57.04,458358,0.395779233
2021/9/3 14:00,57.44,58.58,57.44,840534,0.684561009
2021/9/3 15:00,57.96,59.4,57.95,1511420,0.593589922
2021/9/6 10:30,58.79,60.5,58.5,2429086,0.370119707
2021/9/6 11:30,60.45,61,60.3,1177545,0.370665641
2021/9/6 14:00,60.48,60.9,60.32,954203,0.774533942
2021/9/6 15:00,60.9,61,60.5,931381,0.602453568
2021/9/7 10:30,60.37,60.76,59.9,1134148,0.642789121
2021/9/7 11:30,60.12,60.3,59.81,587238,0.517341468
2021/9/7 14:00,60.12,60.19,59.88,446925,0.630207051
2021/9/7 15:00,60.04,60.09,59.9,580786,0.695362288
2021/9/8 10:30,60.02,60.8,59.6,1033606,0.238204025
2021/9/8 11:30,59.76,59.76,58.8,1077125,0.213265516
2021/9/8 14:00,58.88,59.23,58.87,367171,0.276968722
2021/9/8 15:00,59.2,59.25,59,474755,0.337760501
2021/9/9 10:30,58.89,59.32,58.51,922206,0.067447099
2021/9/9 11:30,58.81,59,58.18,573508,0.220220143
2021/9/9 14:00,58.2,58.43,58,696774,0.559744077
2021/9/9 15:00,58.27,58.33,57.6,673764,0.53629817
2021/9/10 10:30,57.8,58.3,57,1108019,0.442191386
2021/9/10 11:30,57.53,57.86,57.2,595654,0.482017628
2021/9/10 14:00,57.83,59.43,57.76,970052,0.392996813
2021/9/10 15:00,58.8,59.68,58.8,1156390,0.392996813
2021/9/13 10:30,59.4,60.47,58.89,1547431,0.423145846
2021/9/13 11:30,58.93,59.29,58.74,403176,0.394335165
2021/9/13 14:00,58.97,59.1,58.8,325375,0.342478441
2021/9/13 15:00,59.01,59.3,58.91,426768,0.325340803
2021/9/14 10:30,59,59.95,58.5,1087471,0.64700844
2021/9/14 11:30,59.03,59.31,58.8,334981,0.648460187
2021/9/14 14:00,59.28,59.9,59,928713,0.63805182
2021/9/14 15:00,59.3,59.44,59,529886,0.66045591
2021/9/15 10:30,59.12,59.28,58.06,870118,0.280172328
2021/9/15 11:30,58.94,59.25,58.6,370853,0.383281896
2021/9/15 14:00,58.72,59.1,58.44,313759,0.619582079
2021/9/15 15:00,58.5,58.89,58.33,429258,0.39513794
2021/9/16 10:30,59.29,59.71,58.7,876364,0.303646926
2021/9/16 11:30,58.79,59.19,57.72,1204626,0.131211702
2021/9/16 14:00,57.86,58.18,56.9,1264550,0.180142706
2021/9/16 15:00,57.01,57.22,56.75,1295744,0.148370515
2021/9/17 10:30,57.61,57.61,55.99,1701471,0.31725149
2021/9/17 11:30,56.09,58.33,56,2474139,0.443280193
2021/9/17 14:00,57.5,58.72,57.5,2193166,0.357762976
2021/9/17 15:00,58.5,58.5,57.9,1498685,0.41817082
2021/9/22 10:30,56.83,57.33,56.26,1780333,0.696597242
2021/9/22 11:30,56.51,56.73,56,997390,0.388766779
2021/9/22 14:00,56.15,56.25,55.98,1182427,0.330988633
2021/9/22 15:00,55.99,56.28,55.97,861046,0.363324014
2021/9/23 10:30,56.5,57.02,56.01,1188243,0.5056508
2021/9/23 11:30,56.55,56.57,56.32,287388,0.60833626
2021/9/23 14:00,56.54,56.62,56.17,274864,0.563950606
2021/9/23 15:00,56.23,56.65,56.21,562815,0.469553108
2021/9/24 10:30,56.2,56.6,55.81,767077,0.438649846
2021/9/24 11:30,56.1,56.76,56.1,524319,0.347782405
2021/9/24 14:00,56.46,56.66,56.42,382320,0.412110288
2021/9/24 15:00,56.54,56.54,56.01,422533,0.413882696
2021/9/27 10:30,56.05,57.21,56,1601215,0.401589312
2021/9/27 11:30,56.7,56.95,56.1,578359,0.456573249
2021/9/27 14:00,56.28,56.49,56.01,406178,0.353389848
2021/9/27 15:00,56.32,56.42,56.15,382984,0.628931234
2021/9/28 10:30,56.75,56.75,55.51,1038989,0.674269287
2021/9/28 11:30,55.89,56.07,55.68,319600,0.635015879
2021/9/28 14:00,55.74,55.94,55.68,173915,0.477010561
2021/9/28 15:00,55.8,55.95,55.68,359951,0.534815869
2021/9/29 10:30,55.47,55.48,53.78,1550266,0.251821651
2021/9/29 11:30,54.2,54.2,53.74,570761,0.28186164
2021/9/29 14:00,53.74,53.9,53.5,457055,0.076045848
2021/9/29 15:00,53.72,53.8,52.78,1173555,0.351390338
2021/9/30 10:30,53.1,53.83,53.03,745695,0.480509807
2021/9/30 11:30,53.69,53.89,53.61,227962,0.244206488
2021/9/30 14:00,53.76,53.87,53.63,206049,0.413283368
2021/9/30 15:00,53.78,54.23,53.7,488152,0.466408328
2021/10/8 10:30,55.37,55.4,54.62,996978,0.5
2021/10/8 11:30,54.72,55.62,54.68,901372,0.5
2021/10/8 14:00,55.48,55.58,55.24,478738,0.5
2021/10/8 15:00,55.45,55.5,55.29,521914,0.5
2021/10/11 10:30,55.88,56.73,55.46,1266875,0.5
2021/10/11 11:30,55.99,56.15,55.91,237538,0.5
2021/10/11 14:00,56.1,56.19,55.55,285149,0.5
2021/10/11 15:00,55.7,56.09,55.58,396066,0.5
2021/10/12 10:30,56.07,56.07,54.95,725893,0.5
2021/10/12 11:30,55.82,56.26,55.35,343391,0.5
2021/10/12 14:00,55.35,55.35,54.65,543532,0.5
2021/10/12 15:00,54.93,55.19,54.66,364716,0.5
2021/10/13 10:30,55.19,55.69,54.73,478428,0.5
2021/10/13 11:30,54.8,54.85,54.42,425662,0.5
2021/10/13 14:00,54.62,54.87,54.51,391311,0.5
2021/10/13 15:00,54.64,54.8,54.48,398981,0.5
2021/10/14 10:30,54.55,54.8,53.8,856385,0.5
2021/10/14 11:30,53.89,53.98,53.72,322892,0.5
2021/10/14 14:00,53.97,54.5,53.86,355703,0.5
2021/10/14 15:00,54.46,54.48,54,320567,0.5
2021/10/15 10:30,54.27,54.82,53.55,821927,0.5
2021/10/15 11:30,54.66,54.66,54.21,303893,0.5
2021/10/15 14:00,54.28,54.55,54.23,263446,0.5
2021/10/15 15:00,54.36,54.44,54.1,356487,0.5
2021/10/18 10:30,54.48,54.48,52.93,1005359,0.5
2021/10/18 11:30,53.27,53.44,53.1,217576,0.5
2021/10/18 14:00,53.3,53.68,53.27,277428,0.5
2021/10/18 15:00,53.53,53.79,53.49,346759,0.5
2021/10/19 10:30,54.01,54.68,53.64,724692,0.5
2021/10/19 11:30,54.07,54.48,53.99,244271,0.5
2021/10/19 14:00,54.5,54.51,54.3,281691,0.5
2021/10/19 15:00,54.39,54.45,54.3,347233,0.5
2021/10/20 10:30,54.34,54.73,53.71,671262,0.5
2021/10/20 11:30,53.87,54.01,53.69,413990,0.5
2021/10/20 14:00,53.8,53.94,53.65,317106,0.5
2021/10/20 15:00,53.71,53.86,53.56,485463,0.5
2021/10/21 10:30,53.97,53.97,52.88,822356,0.5
2021/10/21 11:30,52.91,53.07,52.8,439889,0.5
2021/10/21 14:00,53.03,53.04,52.78,287495,0.5
2021/10/21 15:00,52.87,52.87,52.46,647363,0.5
2021/10/22 10:30,52.6,52.75,51.48,1473543,0.5
2021/10/22 11:30,51.48,52.3,51.46,550821,0.5
2021/10/22 14:00,52.07,52.5,51.98,341804,0.5
2021/10/22 15:00,52.03,52.1,51.58,465610,0.5
2021/10/25 10:30,51.6,51.68,50.17,1464409,0.5
2021/10/25 11:30,50.42,50.49,49.98,743446,0.5
2021/10/25 14:00,50.13,50.14,49.8,706956,0.5
2021/10/25 15:00,50.1,50.3,49.97,482017,0.5
2021/10/26 10:30,50.72,50.72,49.72,1251933,0.5
2021/10/26 11:30,50.06,50.21,49.93,287210,0.5
2021/10/26 14:00,50.18,51.48,50.18,999996,0.5
2021/10/26 15:00,50.63,50.64,50.28,353330,0.5
2021/10/27 10:30,50.42,50.42,48.3,1818357,0.5
2021/10/27 11:30,48.3,48.48,48,1279679,0.5
2021/10/27 14:00,48.16,48.16,47.59,873436,0.5
2021/10/27 15:00,47.7,47.79,47.54,728441,0.5
2021/10/28 10:30,47.5,47.95,46.91,1061066,0.5
2021/10/28 11:30,47.5,48.17,47.5,428897,0.5
2021/10/28 14:00,47.67,47.91,47.5,269397,0.5
2021/10/28 15:00,47.77,48.15,47.51,614577,0.5
2021/10/29 10:30,47.86,48.55,47.35,822598,0.5
2021/10/29 11:30,48.29,48.4,47.9,306600,0.5
2021/10/29 14:00,48.05,48.28,48.05,250355,0.5
2021/10/29 15:00,48.25,48.49,48.2,485437,0.5
2021/11/1 10:30,48.01,48.01,46.2,1457024,0.5
2021/11/1 11:30,47.67,47.8,47.45,398159,0.5
2021/11/1 14:00,47.69,48.18,47.61,416344,0.5
2021/11/1 15:00,47.8,48.19,47.59,461794,0.5
2021/11/2 10:30,47.76,48.67,47.75,1602656,0.5
2021/11/2 11:30,48,48.04,47.5,360229,0.5
2021/11/2 14:00,47.75,47.8,46.63,733248,0.5
2021/11/2 15:00,46.8,47.08,46.7,513239,0.5
2021/11/3 10:30,47.4,47.95,47.18,2266796,0.5
2021/11/3 11:30,47.42,47.51,47,723937,0.5
2021/11/3 14:00,47.06,47.42,47.06,468192,0.5
2021/11/3 15:00,47.29,47.85,47.17,1090177,0.5
2021/11/4 10:30,47.89,47.98,47.04,1392569,0.5
2021/11/4 11:30,47.16,47.74,47.16,652104,0.5
2021/11/4 14:00,47.35,47.6,47.33,381345,0.5
2021/11/4 15:00,47.41,47.64,47.2,749291,0.5
2021/11/5 10:30,47.14,47.78,47.08,1047451,0.5
2021/11/5 11:30,47.58,48.2,47.5,1391410,0.5
2021/11/5 14:00,47.9,47.94,47.59,331760,0.5
2021/11/5 15:00,47.58,47.58,47.29,550411,0.5
2021/11/8 10:30,48.19,48.39,46.1,2087645,0.5
2021/11/8 11:30,46.15,46.32,45.7,785001,0.5
2021/11/8 14:00,45.91,46.31,45.91,422215,0.5
2021/11/8 15:00,46.27,46.27,45.8,630269,0.5
2021/11/9 10:30,45.99,46.49,45.5,1513213,0.5
2021/11/9 11:30,46.31,46.4,46.22,1014737,0.5
2021/11/9 14:00,46.3,46.9,46.3,1253448,0.5
2021/11/9 15:00,46.61,46.72,46.48,639957,0.5
2021/11/10 10:30,46.3,46.94,46.15,1149240,0.5
2021/11/10 11:30,46.4,46.41,45.85,662362,0.5
2021/11/10 14:00,46.08,51.32,46.08,8257195,0.5
2021/11/10 15:00,50,51.21,49.86,3572756,0.5
2021/11/11 10:30,50.42,51.34,49.6,4681502,0.5
2021/11/11 11:30,50.39,50.63,50,976146,0.5
2021/11/11 14:00,50.11,50.31,49.6,1290695,0.5
2021/11/11 15:00,49.77,50.22,49.64,1031204,0.5
2021/11/12 10:30,50,51.15,49.75,1988469,0.5
2021/11/12 11:30,50.74,50.75,50.24,705123,0.5
2021/11/12 14:00,50.45,50.8,50.35,668549,0.5
2021/11/12 15:00,50.7,50.87,50.54,717618,0.5
2021/11/15 10:30,50.67,52.63,50.1,3517608,0.5
2021/11/15 11:30,52.48,54.29,52.44,3590838,0.5
2021/11/15 14:00,54.15,54.15,53.6,1355702,0.5
2021/11/15 15:00,53.99,54.04,53.72,1219127,0.5
2021/11/16 10:30,53.8,54.48,53.3,2122364,0.5
2021/11/16 11:30,53.8,54.3,53.5,1000928,0.5
2021/11/16 14:00,54.14,54.58,53.55,1108021,0.5
2021/11/16 15:00,53.88,54.79,53.8,2073663,0.5
2021/11/17 10:30,53.99,54.58,53.33,1692051,0.5
2021/11/17 11:30,54.19,54.75,54.14,1153728,0.5
2021/11/17 14:00,54.62,54.67,54,806051,0.5
2021/11/17 15:00,54.14,54.28,54,643864,0.5
2021/11/18 10:30,53.8,54.45,53.25,2012804,0.5
2021/11/18 11:30,54.15,54.4,53.65,960112,0.5
2021/11/18 14:00,53.69,53.97,53.1,757345,0.5
2021/11/18 15:00,53.41,53.46,52.83,1125100,0.5
2021/11/19 10:30,56,57.23,54.1,5095564,0.5
2021/11/19 11:30,54.8,55.05,54.5,801287,0.5
2021/11/19 14:00,55.05,55.7,54.98,1065215,0.5
2021/11/19 15:00,55.18,55.35,54.7,1013882,0.5
2021/11/22 10:30,58.7,60.5,56.87,9284799,0.5
2021/11/22 11:30,60.01,60.35,59.72,1861323,0.5
2021/11/22 14:00,59.73,59.9,58.96,1311639,0.5
2021/11/22 15:00,59.05,59.19,58,1875393,0.5
2021/11/23 10:30,57.51,58.03,56.23,3565117,0.5
2021/11/23 11:30,57.22,58.8,57.1,987321,0.5
2021/11/23 14:00,58.78,59.77,58.49,2151043,0.5
2021/11/23 15:00,58.8,59.35,58.78,1016762,0.5
2021/11/24 10:30,58.71,60.35,58.32,2653105,0.5
2021/11/24 11:30,59.28,59.5,58.6,643373,0.5
2021/11/24 14:00,58.82,58.82,58.3,820335,0.5
2021/11/24 15:00,58.3,58.78,58.08,1161279,0.5
2021/11/25 10:30,59.18,60.3,58.6,2465712,0.5
2021/11/25 11:30,59.67,59.96,59.59,843056,0.5
2021/11/25 14:00,59.91,60.2,59.66,1237910,0.5
2021/11/25 15:00,59.83,60.14,59.76,987139,0.5
2021/11/26 10:30,60.92,60.93,59.7,2103030,0.5
2021/11/26 11:30,59.81,59.99,58.72,1176998,0.5
2021/11/26 14:00,59.09,59.24,58.75,697880,0.5
2021/11/26 15:00,59.01,59.2,58.89,753387,0.5
2021/11/29 10:30,61,62.5,60.1,5756721,0.5
2021/11/29 11:30,60.41,60.65,59.78,1126577,0.5
2021/11/29 14:00,60.5,61.59,60.08,1551411,0.5
2021/11/29 15:00,61.31,61.55,61,1397748,0.5
2021/11/30 10:30,60.58,61.5,59.8,3123176,0.5
2021/11/30 11:30,59.81,60.18,59.68,1060547,0.5
2021/11/30 14:00,59.96,60.62,59.5,2009148,0.5
2021/11/30 15:00,60.37,60.95,59.75,3966739,0.5
2021/12/1 10:30,59.8,60.27,58.13,3300983,0.5
2021/12/1 11:30,58.5,58.89,58.32,815832,0.5
2021/12/1 14:00,58.63,58.7,58.1,1437946,0.5
2021/12/1 15:00,58.18,58.34,57.51,2030680,0.5
2021/12/2 10:30,57.78,58.2,56.62,2488838,0.5
2021/12/2 11:30,56.79,57.25,56.57,1039405,0.5
2021/12/2 14:00,56.87,57.07,56.38,881324,0.5
2021/12/2 15:00,56.4,56.63,55.54,2118568,0.5
2021/12/3 10:30,56.68,57.44,56.3,1747479,0.5
2021/12/3 11:30,56.89,57.3,56.84,604216,0.5
2021/12/3 14:00,57.1,57.29,56.92,672625,0.5
2021/12/3 15:00,57,57.04,56.78,699855,0.5
2021/12/6 10:30,59.9,59.96,57.45,4064983,0.5
2021/12/6 11:30,57.53,58.45,57.25,1086305,0.5
2021/12/6 14:00,57.89,57.96,56.82,1091184,0.5
2021/12/6 15:00,56.83,57.13,56.28,1187551,0.5
2021/12/7 10:30,55.62,56.97,54.8,2307226,0.5
2021/12/7 11:30,56.9,56.93,56.2,1166170,0.5
2021/12/7 14:00,56.47,56.57,55.8,414838,0.5
2021/12/7 15:00,55.98,56.5,55.5,665003,0.5
2021/12/8 10:30,56.56,57.47,55.88,1935421,0.5
2021/12/8 11:30,57.46,58.32,57.35,1058878,0.5
2021/12/8 14:00,57.36,57.76,57.23,735004,0.5
2021/12/8 15:00,57.59,57.95,57.32,1067962,0.5
2021/12/9 10:30,59,60.55,58.58,6257102,0.5
2021/12/9 11:30,59.87,59.9,59.44,1190381,0.5
2021/12/9 14:00,59.7,59.77,59.16,1231195,0.5
2021/12/9 15:00,59.45,59.99,59.27,2546525,0.5
2021/12/10 10:30,59.49,59.77,58.65,3554240,0.5
2021/12/10 11:30,59.65,63.98,59.65,6898798,0.5
2021/12/10 14:00,63.87,64.56,63.52,4933022,0.5
2021/12/10 15:00,63.9,64.52,63.5,3999520,0.5
2021/12/13 10:30,63,64.44,62.7,4268049,0.5
2021/12/13 11:30,64.2,64.94,64.05,3027864,0.5
2021/12/13 14:00,64.91,64.91,64.11,1807268,0.5
2021/12/13 15:00,64.79,65,63.82,2233975,0.5
2021/12/14 10:30,64.8,64.8,63.93,2749542,0.5
2021/12/14 11:30,64.46,64.7,63.55,1221138,0.5
2021/12/14 14:00,63.86,64.18,63.02,1069652,0.5
2021/12/14 15:00,63.88,63.99,63.38,1126599,0.5
2021/12/15 10:30,63.9,63.95,61.88,2673800,0.5
2021/12/15 11:30,62.89,62.93,62.15,636264,0.5
2021/12/15 14:00,62.21,62.7,61.8,969291,0.5
2021/12/15 15:00,62.18,62.23,60.61,2659266,0.5
2021/12/16 10:30,60.71,61.63,60.23,2124791,0.5
2021/12/16 11:30,60.59,60.62,59.68,1526011,0.5
2021/12/16 14:00,59.97,61.18,59.97,1250526,0.5
2021/12/16 15:00,60.84,61,60.7,933597,0.5
2021/12/17 10:30,61.3,61.55,59.91,1503903,0.5
2021/12/17 11:30,60.26,60.95,60.01,720373,0.5
2021/12/17 14:00,60.8,60.8,60.08,541968,0.5
2021/12/17 15:00,60.08,60.48,59.66,3591561,0.5
2021/12/20 10:30,60.05,61.19,59.9,1165462,0.5
2021/12/20 11:30,60.6,60.6,59.9,560718,0.5
2021/12/20 14:00,59.9,59.95,58.87,1075239,0.5
2021/12/20 15:00,58.9,59.17,58.53,885108,0.5
2021/12/21 10:30,58.9,60.36,58.56,1288120,0.5
2021/12/21 11:30,59.01,59.31,58.62,414444,0.5
2021/12/21 14:00,58.7,59.1,58.4,637833,0.5
2021/12/21 15:00,59.02,59.33,58.91,475986,0.5
2021/12/22 10:30,59.34,59.35,57.9,1493917,0.5
2021/12/22 11:30,58.02,58.48,57.94,485776,0.5
2021/12/22 14:00,58.4,58.65,58.22,473478,0.5
2021/12/22 15:00,58.43,58.5,58.05,603934,0.5
2021/12/23 10:30,58.16,59.05,58.03,1428650,0.5
2021/12/23 11:30,58.45,58.9,58.28,657312,0.5
2021/12/23 14:00,58.58,58.7,57.93,884621,0.5
2021/12/23 15:00,58,58.53,58,793162,0.5
2021/12/24 10:30,58.51,58.88,57.34,2092409,0.5
2021/12/24 11:30,58.72,59.84,58.53,2272505,0.5
2021/12/24 14:00,59.63,60.5,59.22,2314262,0.5
2021/12/24 15:00,60.36,60.42,59.14,1431938,0.5
2021/12/27 10:30,59.7,60.18,58.01,1519657,0.5
2021/12/27 11:30,58.45,58.87,58.15,574663,0.5
2021/12/27 14:00,58.19,58.38,57.64,1002241,0.5
2021/12/27 15:00,58.02,58.06,57.25,1315389,0.5
2021/12/28 10:30,57.02,57.83,56.72,1900248,0.5
2021/12/28 11:30,57.4,58.98,57.13,2306189,0.5
2021/12/28 14:00,58.89,59.32,58.42,1265855,0.5
2021/12/28 15:00,58.51,58.69,58.46,1262991,0.5
2021/12/29 10:30,59,59.3,57.68,1053136,0.5
2021/12/29 11:30,58.08,58.88,57.9,478206,0.5
2021/12/29 14:00,58.69,58.69,57.9,359705,0.5
2021/12/29 15:00,57.99,58.1,57.5,644575,0.5
2021/12/30 10:30,57.7,57.89,56.9,868542,0.5
2021/12/30 11:30,57.42,57.51,57.1,368177,0.5
2021/12/30 14:00,57.27,57.75,57.17,377944,0.5
2021/12/30 15:00,57.5,57.87,57.3,536799,0.5
2021/12/31 10:30,59.52,63.59,59.4,7484687,0.5
2021/12/31 11:30,63.06,66.15,62.98,6984109,0.5
2021/12/31 14:00,65.45,68.75,65.45,5325737,0.5
2021/12/31 15:00,67.63,68.3,66.8,3067960,0.5
2022/1/4 10:30,65,65,61,9379294,0.204841974
2022/1/4 11:30,61.37,61.84,60.48,2539073,0.311812574
2022/1/4 14:00,61.26,61.77,60.7,1856929,0.594295576
2022/1/4 15:00,60.74,60.98,60.21,2779350,0.422386462
2022/1/5 10:30,59,59.49,57.52,4649459,0.351158878
2022/1/5 11:30,57.58,58.4,57.3,1075914,0.394239639
2022/1/5 14:00,58.19,58.19,57.61,745389,0.472354314
2022/1/5 15:00,57.84,58.45,57.81,910735,0.474184279
2022/1/6 10:30,58.01,58.55,57.35,1434690,0.768902082
2022/1/6 11:30,57.45,57.49,56.58,1453033,0.65912128
2022/1/6 14:00,57.05,57.36,56.89,607775,0.552637976
2022/1/6 15:00,57.08,57.12,56.66,1084545,0.586225927
2022/1/7 10:30,56.99,57.85,56.6,1471160,0.674275244
2022/1/7 11:30,57.4,57.57,57.01,538242,0.529082258
2022/1/7 14:00,57.1,57.54,56.98,450998,0.023409968
2022/1/7 15:00,57.1,57.26,56.88,834923,0.017944499
2022/1/10 10:30,57.64,59.99,57.38,3063110,0.522813787
2022/1/10 11:30,59.86,60.17,59.51,802195,0.476419404
2022/1/10 14:00,59.74,59.9,58.63,701985,0.697188001
2022/1/10 15:00,58.8,59.58,58.75,757250,0.645811581
2022/1/11 10:30,60.65,61.99,59.75,2934649,0.602264203
2022/1/11 11:30,60.36,61.38,60.13,1058498,0.53227355
2022/1/11 14:00,61.2,62.13,60.9,1895275,0.854646038
2022/1/11 15:00,62.05,62.49,61.83,1722510,0.65763407
2022/1/12 10:30,62.49,62.73,61.3,2213998,0.642764331
2022/1/12 11:30,62,62.37,61.73,666351,0.619041392
2022/1/12 14:00,62.3,66.55,62.3,5454147,0.700398374
2022/1/12 15:00,65.16,65.55,64.69,1851081,0.740081331
2022/1/13 10:30,65,65.98,63.22,2947804,0.553603294
2022/1/13 11:30,63.52,65.6,63.28,1322623,0.449759166
2022/1/13 14:00,65.56,68.02,65.56,5458382,0.643956239
2022/1/13 15:00,66.37,66.76,65.89,1744204,0.631354864
2022/1/14 10:30,67.49,72.02,66.14,10496754,0.617606668
2022/1/14 11:30,71.94,72.88,70.76,4523344,0.506721248
2022/1/14 14:00,71.63,78.73,71.63,10526840,0.66178717
2022/1/14 15:00,77.43,77.63,75.88,5308061,0.670682113
2022/1/17 10:30,80,87.24,78.5,21189515,0.594146697
2022/1/17 11:30,86.8,87.66,84.4,4017189,0.527838133
2022/1/17 14:00,85.79,86.18,82.11,4091447,0.414535946
2022/1/17 15:00,83.69,89.68,82.84,7653647,0.517900971
2022/1/18 10:30,85,87.94,80.08,16417864,0.506916803
2022/1/18 11:30,82,84.88,81.9,3242854,0.543018795
2022/1/18 14:00,82.99,83.33,80.22,3981798,0.479926836
2022/1/18 15:00,81.9,84.89,81.9,4305880,0.582187101
2022/1/19 10:30,80.84,84.34,79.39,11373658,0.710282977
2022/1/19 11:30,82.33,84.11,80.36,3733261,0.572186994
2022/1/19 14:00,81.17,83.45,80.67,2273034,0.479249508
2022/1/19 15:00,83.36,83.36,80.99,2356107,0.54901326
2022/1/20 10:30,83.95,88.19,82.53,12664144,0.612704654
2022/1/20 11:30,82.72,85.24,82.2,3093495,0.678910932
2022/1/20 14:00,84.8,86.3,83.3,2910546,0.372945339
2022/1/20 15:00,83.4,83.45,81.92,4691685,0.532752437
2022/1/21 10:30,77.51,80.98,73.68,14779771,0.702773644
2022/1/21 11:30,75.81,76.85,75.12,2020394,0.5682007
2022/1/21 14:00,75.81,76.48,75.3,1499854,0.521336751
2022/1/21 15:00,75.8,76.14,74.03,4630423,0.506304845
2022/1/24 10:30,72.4,79.87,72,8438589,0.663091946
2022/1/24 11:30,77.24,77.54,75.4,1810168,0.59326652
2022/1/24 14:00,75.45,76.31,75,1262320,0.389761856
2022/1/24 15:00,75.16,75.56,74.48,1804079,0.48180615
2022/1/25 10:30,75.01,76,72.35,4700862,0.329450809
2022/1/25 11:30,72.87,72.93,71.5,2499712,0.294974673
2022/1/25 14:00,72.25,72.49,70.48,2288711,0.312528534
2022/1/25 15:00,71.41,71.63,69.88,2919516,0.528757629
2022/1/26 10:30,69,71.7,64.15,8926219,0.502118474
2022/1/26 11:30,64.81,65.25,63.23,3233193,0.548710454
2022/1/26 14:00,63.5,64.1,63.02,3093419,0.466287764
2022/1/26 15:00,63.37,63.76,62.7,2259831,0.49130478
2022/1/27 10:30,65,65.99,61.95,3882135,0.590822752
2022/1/27 11:30,62.22,62.7,61.59,1471576,0.354210714
2022/1/27 14:00,62.16,64.3,61.51,3034132,0.506834595
2022/1/27 15:00,63.11,63.23,62,3079556,0.555523938
2022/1/28 10:30,62.72,63.11,59.69,3582490,0.461554491
2022/1/28 11:30,60.61,60.74,59.75,1779602,0.554307488
2022/1/28 14:00,59.9,60.78,59.38,1996402,0.269140482
2022/1/28 15:00,59.75,59.84,58.91,2335132,0.313128838
2022/2/7 10:30,60,60.67,58.08,3804637,0.542820257
2022/2/7 11:30,59.35,59.41,58.49,1389808,0.355618514
2022/2/7 14:00,59.1,59.15,58.18,1086983,0.618640055
2022/2/7 15:00,58.51,58.97,58.31,1661409,0.74733646
2022/2/8 10:30,58,58.9,57.16,2260694,0.547038145
2022/2/8 11:30,57.89,57.94,57.11,1281742,0.553724074
2022/2/8 14:00,57.13,57.69,56.86,1242331,0.376037808
2022/2/8 15:00,57.08,57.5,56.96,1628512,0.386053314
2022/2/9 10:30,56.7,57.78,56.3,2693499,0.402464662
2022/2/9 11:30,57.19,58.22,56.91,2940218,0.307699416
2022/2/9 14:00,57.73,57.92,57.06,1336873,0.545093247
2022/2/9 15:00,57.43,57.92,57.27,1578997,0.435441967
2022/2/10 10:30,57.93,58.34,56.88,3035121,0.35451907
2022/2/10 11:30,56.94,57.31,56.7,2038681,0.28235599
2022/2/10 14:00,57,57,56.05,2621382,0.075700337
2022/2/10 15:00,56.25,56.54,55.9,2144175,0.237339687
2022/2/11 10:30,56.05,56.77,54.6,2409129,0.216198173
2022/2/11 11:30,54.76,55.09,54.6,1056195,0.269277647
2022/2/11 14:00,54.66,54.74,53.77,1688279,0.455585249
2022/2/11 15:00,53.8,53.94,53.02,2340506,0.317425437
2022/2/14 10:30,55.31,62.14,55.31,10765225,0.697118615
2022/2/14 11:30,60,60.55,59.53,1225624,0.495265028
2022/2/14 14:00,59.96,60,58.79,1422921,0.684034747
2022/2/14 15:00,59.17,60.1,58.83,2159802,0.534931489
2022/2/15 10:30,59,62.11,57.89,5339200,0.635541042
2022/2/15 11:30,59.85,59.86,58.7,1800937,0.557533258
2022/2/15 14:00,59.05,59.05,57.99,1626927,0.497230084
2022/2/15 15:00,58.53,59.13,58.16,1777673,0.440669501
2022/2/16 10:30,58.5,60.38,57.88,3609040,0.702935819
2022/2/16 11:30,60.15,62.68,59.87,3840861,0.716112315
2022/2/16 14:00,61.22,61.81,60.81,1255893,0.565020432
2022/2/16 15:00,61.56,61.8,60.81,1172477,0.718220091
2022/2/17 10:30,60.57,61.68,59.69,3387342,0.536852531
2022/2/17 11:30,60.8,60.97,60.21,799236,0.542689528
2022/2/17 14:00,60.67,61.37,60.2,1400579,0.517741566
2022/2/17 15:00,60.83,60.96,60.2,1342821,0.603961258
2022/2/18 10:30,60.39,64.64,60.21,6119705,0.572474915
2022/2/18 11:30,63.47,66.18,63.35,2910464,0.536670177
2022/2/18 14:00,65.02,65.8,64.67,1304364,0.705347035
2022/2/18 15:00,64.95,65.49,64.57,1474140,0.571101185
2022/2/21 10:30,64.3,67.08,64,4211260,0.507070389
2022/2/21 11:30,65.31,66.68,64.7,1709470,0.554418708
2022/2/21 14:00,66.56,69.9,66.47,3176083,0.64330196
2022/2/21 15:00,69.81,69.99,68.65,2295706,0.753926813
2022/2/22 10:30,68,68.98,65.48,5739101,0.755922026
2022/2/22 11:30,66.5,67.21,66.03,1183265,0.70521732
2022/2/22 14:00,66.5,67.41,66,1626315,0.669934411
2022/2/22 15:00,66.54,67.75,66.06,1488168,0.669934411
2022/2/23 10:30,67.22,72.22,67.08,5397459,0.633675742
2022/2/23 11:30,70.91,71.63,70.65,1014122,0.630686168
2022/2/23 14:00,70.68,70.83,69.3,1575877,0.390317819
2022/2/23 15:00,69.8,70.13,69.61,1026927,0.671899327
2022/2/24 10:30,69.5,74.29,68.88,5445108,0.502614103
2022/2/24 11:30,73.71,75.64,73.03,3095320,0.553285383
2022/2/24 14:00,73.91,73.91,70.71,4315668,0.534829058
2022/2/24 15:00,70.72,72.23,70,3284671,0.631104452
2022/2/25 10:30,73.3,73.85,70.75,5385233,0.674323839
2022/2/25 11:30,73.01,74.97,72.93,3165712,0.676171899
2022/2/25 14:00,73.33,75.02,73.26,1776208,0.696118562
2022/2/25 15:00,74.36,74.37,73.45,1614816,0.722544695
2022/2/28 10:30,72.99,74.47,69.5,5935379,0.722708129
2022/2/28 11:30,71.9,71.93,69.46,3270364,0.516024946
2022/2/28 14:00,71.33,71.42,70.2,981583,0.190169838
2022/2/28 15:00,71.1,72.71,71.05,1963933,0.726901855
2022/3/1 10:30,71,73.5,70.97,3175648,0.732519795
2022/3/1 11:30,72.74,72.75,70.79,1626224,0.634215322
2022/3/1 14:00,70.79,72.46,70.6,1918505,0.80309355
2022/3/1 15:00,72.12,72.41,71.57,1298464,0.625578605
2022/3/2 10:30,71.9,71.9,69.18,3585600,0.499931385
2022/3/2 11:30,69.43,71.37,69.41,1499628,0.458797894
2022/3/2 14:00,71.3,71.3,70.06,920516,0.223721691
2022/3/2 15:00,70.88,71.86,70.47,1356345,0.504229972
2022/3/3 10:30,71.69,77.16,71.69,8401211,0.613783649
2022/3/3 11:30,77.12,80.34,76.8,4247151,0.695195143
2022/3/3 14:00,79.31,79.5,77.88,1919401,0.397509174
2022/3/3 15:00,77.95,78.04,76.12,2812478,0.494931144
2022/3/4 10:30,76,80.29,75.66,7160147,0.773300871
2022/3/4 11:30,79.11,79.3,77.61,2075357,0.645317833
2022/3/4 14:00,78,78.49,76.6,2117694,0.808996775
2022/3/4 15:00,76.83,77.64,76.55,2112427,0.748081374
2022/3/7 10:30,78.58,81.47,77.5,8083682,0.496562868
2022/3/7 11:30,81.31,81.31,79.59,1268198,0.499676543
2022/3/7 14:00,79.58,79.87,78.34,1415264,0.463186656
2022/3/7 15:00,78.4,79.01,78.14,1819503,0.600989959
2022/3/8 10:30,75,76.88,72.01,8275360,0.458971717
2022/3/8 11:30,72.54,72.8,70,3700108,0.503122609
2022/3/8 14:00,70.99,71.54,68.18,2535624,0.447509252
2022/3/8 15:00,68.52,69.54,67.3,4080462,0.285094761
2022/3/9 10:30,68.01,70.45,66.2,5909951,0.415700012
2022/3/9 11:30,68.02,68.75,67.38,1615625,0.343341725
2022/3/9 14:00,67.5,68.49,65.88,2879229,0.724913715
2022/3/9 15:00,67.63,69.2,66.89,2374278,0.626919611
2022/3/10 10:30,71,71.48,68.4,4585575,0.72566455
2022/3/10 11:30,69.56,72,69.38,2109212,0.494843614
2022/3/10 14:00,71.53,74.55,70.99,5001811,0.608063213
2022/3/10 15:00,73.5,76.32,73.3,3906914,0.454783541
2022/3/11 10:30,76.8,80.25,75.2,10728285,0.608911211
2022/3/11 11:30,79.93,79.96,76.8,2622539,0.675760832
2022/3/11 14:00,77.72,81.47,77.6,5293128,0.548074347
2022/3/11 15:00,81.02,82.1,79.91,3884298,0.48250445
2022/3/14 10:30,85.02,90.4,82.8,15406761,0.585779794
2022/3/14 11:30,84.5,87,84.13,1927410,0.4931981
2022/3/14 14:00,86.23,86.71,80.66,3365146,0.393408159
2022/3/14 15:00,81.51,83.3,79.15,6291618,0.373266669
2022/3/15 10:30,77,81.8,76.76,9801915,0.439559754
2022/3/15 11:30,80.46,81.8,79.24,2730243,0.817276379
2022/3/15 14:00,80.34,80.5,77.04,3861333,0.486068879
2022/3/15 15:00,77.75,78.32,76.3,3551544,0.54215724
2022/3/16 10:30,80.4,80.45,73.2,10353514,0.623205079
2022/3/16 11:30,74.7,78.3,73.8,3398055,0.651229939
2022/3/16 14:00,78.68,82.5,76.69,6672090,0.421722611
2022/3/16 15:00,76.77,79.08,76.71,3484231,0.40422717
2022/3/17 10:30,77.9,83.34,76,11872861,0.571351605
2022/3/17 11:30,81.57,87.38,80.75,7140494,0.537785424
2022/3/17 14:00,86.73,87.77,82.88,5455142,0.65437994
2022/3/17 15:00,83.28,84.3,82.12,3087790,0.477519012
2022/3/18 10:30,81.88,89.49,81,15000111,0.454416271
2022/3/18 11:30,88.03,89.2,87.29,3433318,0.484345388
2022/3/18 14:00,87.81,91.77,86.6,5662155,0.506863101
2022/3/18 15:00,90.73,93.5,88.76,6945005,0.529503795
2022/3/21 10:30,93.5,93.5,88.18,13436022,0.387268982
2022/3/21 11:30,91.18,92.37,89.61,2701548,0.534540592
2022/3/21 14:00,92,98.3,90.88,7645868,0.518205227
2022/3/21 15:00,94.88,96.3,93.41,3879699,0.586867344
2022/3/22 10:30,92.5,93.87,89.21,8134160,0.658574634
2022/3/22 11:30,90.59,92.02,90,2281940,0.591903769
2022/3/22 14:00,91.75,93.62,90.4,2750737,0.580578294
2022/3/22 15:00,90.99,92.1,88.86,3624355,0.445892767
2022/3/23 10:30,88.23,94.75,88.23,8579902,0.677416792
2022/3/23 11:30,94.1,94.42,91.2,2562559,0.706224683
2022/3/23 14:00,91.6,91.97,89.07,2549632,0.485134087
2022/3/23 15:00,90.71,91.27,89,2673080,0.449858951
2022/3/24 10:30,88.88,92.91,87.01,6026624,0.601396438
2022/3/24 11:30,92.07,92.63,90.16,2188161,0.440823487
2022/3/24 14:00,91.3,93.99,91.3,3963228,0.401073369
2022/3/24 15:00,93.73,94.2,92,3706647,0.326422006
2022/3/25 10:30,92,92.99,88.52,7097030,0.423114449
2022/3/25 11:30,90,92.31,89.7,2054559,0.287734671
2022/3/25 14:00,89.96,90.74,88.8,1717407,0.785199592
2022/3/25 15:00,89.58,89.93,87.8,3221124,0.810303872
2022/3/28 10:30,88.51,91.79,88.25,6446432,0.637239502
2022/3/28 11:30,88.5,89.65,87.8,1875215,0.327797213
2022/3/28 14:00,88.27,89,87.56,1555006,0.30918887
2022/3/28 15:00,88.49,88.9,84.83,5125535,0.348450507
2022/3/29 10:30,85.1,87.25,84.3,5016257,0.446049794
2022/3/29 11:30,85.6,88.16,85.29,2371993,0.502709528
2022/3/29 14:00,86.48,87.69,84.78,1888541,0.450093941
2022/3/29 15:00,85.56,86.02,82.81,4145719,0.464554924
2022/3/30 10:30,83.95,85.39,81,5987705,0.181176724
2022/3/30 11:30,85.2,86.18,84.53,2671777,0.328449546
2022/3/30 14:00,85.68,86.34,85.18,1510727,0.60461457
2022/3/30 15:00,85.67,86.99,85.52,2561759,0.505759724
2022/3/31 10:30,85,88.77,84.32,6402673,0.647607352
2022/3/31 11:30,87.14,88.2,86.52,2052869,0.227885383
2022/3/31 14:00,87.85,88,84.89,3040643,0.504098372
2022/3/31 15:00,85.19,87.25,85.18,2165661,0.393989173
2022/4/1 10:30,85.79,86.27,82.86,5336043,0.706455712
2022/4/1 11:30,83.8,84.56,82.88,1844230,0.554059851
2022/4/1 14:00,83,83.98,82.5,1699945,0.524906248
2022/4/1 15:00,83.94,85.54,83.55,2231269,0.504200722
2022/4/6 10:30,85.1,86.4,83.83,4170109,0.702031647
2022/4/6 11:30,84.94,85.6,84.2,1040814,0.704897234
2022/4/6 14:00,84.41,84.47,80.01,4308401,0.425759114
2022/4/6 15:00,80.97,81.12,78.91,3751167,0.4148834
2022/4/7 10:30,80,81.44,77.7,4419938,0.508381751
2022/4/7 11:30,79.53,80.8,79.2,1306367,0.431416575
2022/4/7 14:00,79.44,80.17,79,1355041,0.432754958
2022/4/7 15:00,80,80.67,79.64,1283035,0.758278252
2022/4/8 10:30,79.9,80,75.91,5096919,0.284986246
2022/4/8 11:30,77.38,78.28,76.56,1122583,0.165696941
2022/4/8 14:00,77.57,78.82,77.33,1090400,0.481980208
2022/4/8 15:00,77.73,77.97,76.9,1705339,0.454909853
2022/4/11 10:30,77.46,79.8,75.66,4143719,0.089096599
2022/4/11 11:30,75.8,77.53,75.77,1167645,0.411766635
2022/4/11 14:00,77.25,78.62,76.29,1248203,0.643755146
2022/4/11 15:00,76.89,77.13,75.8,1842539,0.634038684
2022/4/12 10:30,76.99,76.99,73.39,3613562,0.267756381
2022/4/12 11:30,73.89,74.53,73.61,1507766,0.355825653
2022/4/12 14:00,74.23,75.77,73.55,1572576,0.934404164
2022/4/12 15:00,74.8,75.19,74.2,1810958,0.516607116
2022/4/13 10:30,74.3,75.5,72.13,3082415,0.425627345
2022/4/13 11:30,72.4,73.02,71.47,1916501,0.395340263
2022/4/13 14:00,71.6,74.01,70.51,2724616,0.401380336
2022/4/13 15:00,73.25,73.35,71.02,1703612,0.475719113
2022/4/14 10:30,72.5,75.98,71.75,5279280,0.396034593
2022/4/14 11:30,74.89,76.8,73.68,2854040,0.74381529
2022/4/14 14:00,76.11,76.85,75.66,1693084,0.593956339
2022/4/14 15:00,76.51,76.82,75.82,1624645,0.569179813
2022/4/15 10:30,76.5,81.49,75.5,7146394,0.381316911
2022/4/15 11:30,80.51,82.93,80.14,3790049,0.581076427
2022/4/15 14:00,82.8,87.8,82.6,6223809,0.551401693
2022/4/15 15:00,86.9,87.5,84.1,2929202,0.560904663
2022/4/18 10:30,87.03,89.48,84.81,9950900,0.599909463
2022/4/18 11:30,87.91,88.2,86.61,1386019,0.55382101
2022/4/18 14:00,87.36,88.38,86.6,2254520,0.550910054
2022/4/18 15:00,88.3,88.89,87.2,2464446,0.532440085
2022/4/19 10:30,86.53,89.98,85.85,5073138,0.588324248
2022/4/19 11:30,86.73,87.14,85.4,2315260,0.475967178
2022/4/19 14:00,85.83,86.69,84.73,2358810,0.599105555
2022/4/19 15:00,84.81,86.13,84.73,1647337,0.6758456
2022/4/20 10:30,85,86.25,82.51,4695638,0.391057399
2022/4/20 11:30,83,84.54,82.89,1392273,0.328687743
2022/4/20 14:00,83.56,83.92,81.5,3009660,0.550386155
2022/4/20 15:00,82.1,82.94,81.6,2097935,0.567828933
2022/4/21 10:30,82.94,88.2,82.9,7174196,0.7245557
2022/4/21 11:30,87.22,87.22,85.69,2007147,0.650927044
2022/4/21 14:00,85.86,87.49,85.28,2137451,0.481275312
2022/4/21 15:00,85.79,86.16,84.7,2342412,0.322888438
2022/4/22 10:30,86.08,86.08,82.4,3801935,0.565066537
2022/4/22 11:30,83.48,84.25,82.8,1141422,0.498796119
2022/4/22 14:00,83.61,85.38,83.3,1338255,0.433593886
2022/4/22 15:00,85,85.35,83.39,1707674,0.396326954
2022/4/25 10:30,82.65,87,82.13,4779292,0.64355459
2022/4/25 11:30,84.28,85.98,84.2,1695002,0.688706544
2022/4/25 14:00,84.5,85.28,81.5,2289383,0.34638833
2022/4/25 15:00,81.56,85.5,80.77,3781329,0.650916882
2022/4/26 10:30,82.11,85,82,4476089,0.362639561
2022/4/26 11:30,84.95,85.5,83.5,1729699,0.478157263
2022/4/26 14:00,83.96,84.68,82.86,1658931,0.755973286
2022/4/26 15:00,83.75,84.49,82.8,2394088,0.683608114
2022/4/27 10:30,81.99,83.28,76.51,6450019,0.605187333
2022/4/27 11:30,81,81.8,79.51,1112103,0.590398537
2022/4/27 14:00,81.05,82.5,80.41,1798502,0.583811265
2022/4/27 15:00,81.73,81.97,81,1484419,0.502733236
2022/4/28 10:30,82.04,82.92,78.4,4623234,0.463239666
2022/4/28 11:30,82.5,84,81.85,2314298,0.444635518
2022/4/28 14:00,83.26,96.8,82.2,7330314,0.649719581
2022/4/28 15:00,93.51,97.44,92.5,7319073,0.651782639
2022/4/29 10:30,93,95.8,92.11,6721219,0.500094326
2022/4/29 11:30,94.45,98.9,93.66,3948042,0.704118771
2022/4/29 14:00,98.2,98.37,95.45,3162282,0.533165967
2022/4/29 15:00,96.85,98.22,95,3523685,0.395161071
2022/5/5 10:30,97,103.4,95.7,10257028,0.563607827
2022/5/5 11:30,101.89,103.74,100.84,2559360,0.593338497
2022/5/5 14:00,103,104.76,102,2696888,0.551122543
2022/5/5 15:00,102.32,102.69,100.7,2387838,0.659857152
2022/5/6 10:30,97.22,103.7,97.2,5850194,0.532110565
2022/5/6 11:30,103,104.13,101.02,2473526,0.431712418
2022/5/6 14:00,101.05,102.28,97.14,3475817,0.519927713
2022/5/6 15:00,98.01,100.5,97.5,2057672,0.558859935
2022/5/9 10:30,99.97,102.48,97.58,5039709,0.496677365
2022/5/9 11:30,99.14,106.17,98.6,5718250,0.494928482
2022/5/9 14:00,104.8,107.63,104.5,4416785,0.628678902
2022/5/9 15:00,107.3,108.05,105.9,2931694,0.556423122
2022/5/10 10:30,106.34,113.4,105.99,10027834,0.56577295
2022/5/10 11:30,110.21,110.9,106.5,3663579,0.487325058
2022/5/10 14:00,106.81,108.78,102.3,5836589,0.369703229
2022/5/10 15:00,103.86,108,103.5,3093743,0.358000749
2022/5/11 10:30,107.03,110.8,105.8,6800971,0.468570839
2022/5/11 11:30,109.25,111.96,108.51,3529063,0.565179145
2022/5/11 14:00,111.99,121,111.99,9006514,0.604504718
2022/5/11 15:00,115.02,116.47,113.48,2989601,0.660964706
2022/5/12 10:30,116.57,126.25,116.2,14634089,0.545502915
2022/5/12 11:30,124.6,131.42,123.63,7401367,0.531072589
2022/5/12 14:00,128.19,129.5,117.8,8398267,0.364381329
2022/5/12 15:00,119.66,125.95,119.57,3745594,0.354358938
2022/5/13 10:30,127.2,128,120.81,11828793,0.602637954
2022/5/13 11:30,126.75,128.84,125,3107018,0.581555993
2022/5/13 14:00,127,130.68,125.72,3807595,0.592315625
2022/5/13 15:00,129.85,129.86,125.84,4214814,0.540219636
2022/5/16 10:30,126,126,117.85,13053090,0.471288846
2022/5/16 11:30,118.05,119.77,113.5,5358779,0.49301295
2022/5/16 14:00,117.92,122.88,116.96,3691393,0.584441839
2022/5/16 15:00,122.58,125.2,120.21,4907379,0.575495287
2022/5/17 10:30,123,126.66,113,13196297,0.445287241
2022/5/17 11:30,113.36,115.02,108.5,8456069,0.38643487
2022/5/17 14:00,109,113,109,3872758,0.423235316
2022/5/17 15:00,112.58,114,110,4479305,0.33313652
2022/5/18 10:30,108.06,115.7,106.7,11498811,0.541138633
2022/5/18 11:30,111.77,112.9,109.47,2608393,0.511786811
2022/5/18 14:00,110,110.98,106.82,5104376,0.459676546
2022/5/18 15:00,107.91,109.73,106.88,4010125,0.418082836
2022/5/19 10:30,109,111.7,106,8142308,0.543059027
2022/5/19 11:30,108.77,114.78,108.56,6194959,0.506235746
2022/5/19 14:00,114.12,117.88,114.12,4548865,0.591369135
2022/5/19 15:00,115.87,116.76,113.15,3328173,0.532364367
2022/5/20 10:30,123,125.19,111,13695802,0.559060906
2022/5/20 11:30,112.46,113.28,106.5,6286067,0.39582987
2022/5/20 14:00,107.4,113.95,107.4,4635444,0.406033306
2022/5/20 15:00,112.87,113.44,109.88,3541857,0.37078289
2022/5/23 10:30,109,112.12,106,7146267,0.518580791
2022/5/23 11:30,107.99,108.44,105,5852618,0.394341292
2022/5/23 14:00,106.2,107.6,105.7,2037317,0.430253302
2022/5/23 15:00,106,107.91,103.3,8440450,0.472462297
2022/5/24 10:30,109.59,109.59,88.3,27881078,0.481086341
2022/5/24 11:30,88.95,92.49,88.5,4739114,0.418534978
2022/5/24 14:00,89.76,92.21,87,5426981,0.380943469
2022/5/24 15:00,88,88,85.6,9047094,0.384407882
2022/5/25 10:30,85,88.73,82.87,13053244,0.511087247
2022/5/25 11:30,86.23,90.83,85.6,6070850,0.54869301
2022/5/25 14:00,90.72,91.5,88.25,4899075,0.553841499
2022/5/25 15:00,88.8,89.29,87.8,3255410,0.496911779
2022/5/26 10:30,88.5,92.86,85.56,13670344,0.570196397
2022/5/26 11:30,90.58,91.48,90,2097429,0.527753648
2022/5/26 14:00,91.32,91.93,89.54,2531803,0.490752101
2022/5/26 15:00,90.15,90.53,88.7,3326660,0.537532253
2022/5/27 10:30,89.95,91,86.95,6068405,0.603279154
2022/5/27 11:30,87.87,88.2,86.1,3214317,0.472788279
2022/5/27 14:00,87.52,88.36,86.71,1918067,0.418185703
2022/5/27 15:00,86.77,87.24,85.49,3564114,0.512853328
2022/5/30 10:30,85.16,85.18,79.9,11444353,0.340163286
2022/5/30 11:30,82.58,83.35,81.78,2581715,0.382038526
2022/5/30 14:00,82.05,82.9,81.32,2316999,0.442681057
2022/5/30 15:00,81.66,83.58,81.56,3304042,0.461572244
2022/5/31 10:30,82.57,83.9,80.9,5293633,0.395714589
2022/5/31 11:30,81.72,84.3,81.7,3034537,0.341537251
2022/5/31 14:00,82.41,84.45,82.41,3390564,0.513668434
2022/5/31 15:00,83.03,84.48,82.48,3510900,0.433328343
2022/6/1 10:30,83,83,76.62,15166974,0.272640397
2022/6/1 11:30,78.47,78.74,75.88,6073706,0.308168386
2022/6/1 14:00,75.88,75.88,70.82,14690966,0.381998579
2022/6/1 15:00,73.37,73.5,72,3884849,0.370082001
2022/6/2 10:30,72.3,75.6,72.3,11569488,0.364299915
2022/6/2 11:30,73.8,74.05,72.72,2956093,0.358567729
2022/6/2 14:00,73.91,75.2,73.91,2855652,0.471947928
2022/6/2 15:00,75.12,76.25,75.12,4610347,0.482229818
2022/6/6 10:30,73.74,74.99,73.28,5993821,0.407274468
2022/6/6 11:30,74.2,76.9,74.2,4232234,0.442685399
2022/6/6 14:00,76.75,78,76.75,4236058,0.59555221
2022/6/6 15:00,77.77,78.23,76.98,3743917,0.541439655
2022/6/7 10:30,77.36,82.3,76.8,11801589,0.48613289
2022/6/7 11:30,80.97,84.4,79.99,5587025,0.462226639
2022/6/7 14:00,84.32,84.7,82.52,4585482,0.56509723
2022/6/7 15:00,83.49,84.15,82.9,3061743,0.589855696
2022/6/8 10:30,82.1,85.7,81.2,7231574,0.606493913
2022/6/8 11:30,84.37,84.57,81.88,3314273,0.588995343
2022/6/8 14:00,83.06,83.46,82,1979842,0.427947964
2022/6/8 15:00,82.85,84.7,82.8,2440287,0.445959712
2022/6/9 10:30,82.74,85,82.4,3650088,0.603551732
2022/6/9 11:30,83.21,84.26,82.96,1564247,0.694412196
2022/6/9 14:00,83.27,83.8,82,2266980,0.600859059
2022/6/9 15:00,83.73,85.18,83.5,4277410,0.585307281
2022/6/10 10:30,85,89.52,84.1,7644215,0.455502688
2022/6/10 11:30,87.92,88.06,85.6,3082876,0.432214572
2022/6/10 14:00,86.2,88.33,85.8,3872897,0.51210434
2022/6/10 15:00,86.98,87.43,85.91,4281084,0.515321329
2022/6/13 10:30,86,86,81.5,7724291,0.571033419
2022/6/13 11:30,84.7,84.9,82.8,2058813,0.502339512
2022/6/13 14:00,82.99,84.56,82.86,1557962,0.392163405
2022/6/13 15:00,83.15,83.66,82.6,2044382,0.42595411
2022/6/14 10:30,82,85.3,81.71,5101681,0.517422769
2022/6/14 11:30,82.72,82.74,80.8,2199449,0.447388457
2022/6/14 14:00,81.63,82.3,81.03,1078313,0.483822329
2022/6/14 15:00,81.95,83.16,81.6,1888137,0.534183478
2022/6/15 10:30,81,83.32,80.05,4959811,0.548500648
2022/6/15 11:30,80.66,82.25,80.56,1431529,0.546425451
2022/6/15 14:00,82.21,82.5,81.21,1946360,0.436462399
2022/6/15 15:00,82.04,82.06,80.05,2412903,0.299569575
2022/6/16 10:30,80.33,82.46,80.33,4663461,0.736006752
2022/6/16 11:30,81.45,82.4,81.16,1230535,0.579019682
2022/6/16 14:00,81.5,81.65,80.11,2060390,0.329274783
2022/6/16 15:00,80.3,80.99,80.26,1937681,0.358091464
2022/6/17 10:30,79.66,81,79,2887255,0.591227896
2022/6/17 11:30,80.35,80.58,78.71,1981192,0.514862237
2022/6/17 14:00,79.74,89.58,79.74,12071194,0.557383271
2022/6/17 15:00,86.45,87.8,85,5000039,0.522911234
2022/6/20 10:30,85,85,80.9,7646206,0.380662198
2022/6/20 11:30,81,82.44,80.94,2274094,0.418414046
2022/6/20 14:00,81.4,81.83,80.37,3138480,0.344473229
2022/6/20 15:00,80.47,81.1,80.3,2588165,0.416502221
2022/6/21 10:30,79.81,80.3,76.35,5607836,0.445108998
2022/6/21 11:30,79.48,81.5,79.31,2121548,0.410134645
2022/6/21 14:00,80.58,81.06,79.23,1549450,0.542920145
2022/6/21 15:00,79.25,79.85,78.89,1791189,0.340427693
2022/6/22 10:30,79.4,82,79.03,4751602,0.698681617
2022/6/22 11:30,79.65,79.72,77.89,2796549,0.438156169
2022/6/22 14:00,78.4,79.2,78.05,1613011,0.46950325
2022/6/22 15:00,78.31,78.38,77,2610692,0.400360293
2022/6/23 10:30,77.26,77.8,73.65,6724813,0.3943562
2022/6/23 11:30,74,74.68,73.8,2067124,0.39809533
2022/6/23 14:00,74.27,74.9,73.61,2396284,0.363041038
2022/6/23 15:00,74.59,75.32,74.59,2294334,0.442537769
2022/6/24 10:30,75.03,77.7,75,3937454,0.353880348
2022/6/24 11:30,77.25,78.35,76.79,1949043,0.422519563
2022/6/24 14:00,76.84,78.51,76.21,3358681,0.406218654
2022/6/24 15:00,78.2,79.67,78.2,3613894,0.433126134
2022/6/27 10:30,80.52,82.5,77.81,6761683,0.393017136
2022/6/27 11:30,78.81,79.25,78.2,1374677,0.392448881
2022/6/27 14:00,79.18,79.65,78.36,1244477,0.376149846
2022/6/27 15:00,78.79,79,78.16,1825288,0.42653626
2022/6/28 10:30,77.5,77.94,75.88,3594734,0.362702114
2022/6/28 11:30,75.95,77.36,75.95,1083123,0.376643997
2022/6/28 14:00,76.78,80.55,76.78,4645826,0.511690668
2022/6/28 15:00,78.9,80.3,78.7,3364320,0.426330424
2022/6/29 10:30,78.5,78.5,74.6,6908092,0.436222148
2022/6/29 11:30,74.6,76.05,74.58,1920579,0.348176077
2022/6/29 14:00,75.51,75.66,74.82,1720001,0.396865328
2022/6/29 15:00,75,75.21,74.62,2411903,0.386862511
2022/6/30 10:30,75.25,75.84,74.12,2629648,0.4578944
2022/6/30 11:30,75.52,76.66,75.37,1208976,0.401739781
2022/6/30 14:00,75.87,78.5,75.85,3980908,0.417866764
2022/6/30 15:00,76.21,76.99,75.19,1821033,0.448656808
2022/7/1 10:30,75.32,75.75,73.69,3027944,0.490971252
2022/7/1 11:30,74.4,76.33,74.4,1689271,0.365291359
2022/7/1 14:00,75.45,76.1,74.64,1474582,0.234251981
2022/7/1 15:00,74.82,75.18,74,2166935,0.16818476
2022/7/4 10:30,75,76.66,74.26,4596403,0.60903624
2022/7/4 11:30,76.08,76.93,75.83,2011286,0.602916854
2022/7/4 14:00,76.88,77.6,76.66,2028780,0.472070379
2022/7/4 15:00,76.66,76.88,76.5,1474169,0.394960837
2022/7/5 10:30,76.98,76.98,74.01,4288997,0.294116994
2022/7/5 11:30,74.71,74.75,73.38,2085646,0.274878794
2022/7/5 14:00,74.44,75.42,73.5,1627298,0.465805268
2022/7/5 15:00,74.02,74.83,73.87,1431452,0.659164608
2022/7/6 10:30,74.66,77.6,74.66,5411210,0.576960371
2022/7/6 11:30,75.74,75.9,74.78,1407771,0.5708648
2022/7/6 14:00,75.02,75.43,74.49,1327636,0.608090018
2022/7/6 15:00,74.73,74.74,74.1,1847843,0.490241989
2022/7/7 10:30,76.8,76.98,71.49,5576765,0.467795361
2022/7/7 11:30,72.55,73.3,72,1691215,0.408245732
2022/7/7 14:00,72.99,74.88,72.99,1852192,0.364270286
2022/7/7 15:00,73.56,73.77,73,1484459,0.422614537
2022/7/8 10:30,73.4,73.8,72.37,3007609,0.457143207
2022/7/8 11:30,73.14,73.33,71.84,2094682,0.453848829
2022/7/8 14:00,72.74,72.8,71.58,2342090,0.29270759
2022/7/8 15:00,71.6,72.28,71.55,2723008,0.378359134
2022/7/11 10:30,72,74.19,71.69,4443358,0.432912351
2022/7/11 11:30,73.29,73.77,72.6,1538059,0.501468162
2022/7/11 14:00,73.15,73.93,72.83,1727620,0.53463044
2022/7/11 15:00,73.51,73.92,73.22,2127354,0.455724284
2022/7/12 10:30,73.32,73.32,68.89,5932254,0.388955915
2022/7/12 11:30,69.22,69.97,68.7,2267635,0.373404603
2022/7/12 14:00,69.2,69.49,68.5,2043035,0.430450069
2022/7/12 15:00,68.7,69.17,68.31,2606084,0.369239933
2022/7/13 10:30,68.68,69.28,67.8,3077981,0.371664861
2022/7/13 11:30,68.44,69.26,68.39,1207369,0.35283567
2022/7/13 14:00,69,69.68,68.32,1627166,0.242138906
2022/7/13 15:00,68.43,68.9,68.3,1105365,0.271906573
2022/7/14 10:30,69.4,70.34,68.7,2820474,0.60618169
2022/7/14 11:30,70.02,70.1,69.25,1147055,0.485527615
2022/7/14 14:00,69.65,69.79,68.72,1190552,0.309819348
2022/7/14 15:00,68.93,69,68.28,1325033,0.337663611
2022/7/15 10:30,68.6,68.8,66.77,3806556,0.31421969
2022/7/15 11:30,68.23,68.65,67.2,1109531,0.335923701
2022/7/15 14:00,68.1,70.88,67.73,4354549,0.524538556
2022/7/15 15:00,68.8,69,68.15,1617422,0.546760165
2022/7/18 10:30,67.22,67.8,62.54,7661406,0.318076224
2022/7/18 11:30,63.43,65.13,63.43,1398757,0.339747465
2022/7/18 14:00,65.1,65.35,64.63,1106683,0.333932519
2022/7/18 15:00,64.81,65.18,64.4,1908788,0.330921842
2022/7/19 10:30,65.19,65.32,63.77,2471777,0.26554738
2022/7/19 11:30,64.17,64.19,63.78,1413383,0.367905009
2022/7/19 14:00,63.95,63.96,63.3,1845947,0.289983562
2022/7/19 15:00,63.54,64.45,63.4,1327758,0.219724302
2022/7/20 10:30,64.22,65.45,64.07,2155242,0.359997025
2022/7/20 11:30,64.79,64.86,64.22,738955,0.352689859
2022/7/20 14:00,64.77,64.86,64.2,757520,0.352898895
2022/7/20 15:00,64.37,64.6,64.14,1150755,0.256278718
2022/7/21 10:30,64.06,66.55,64,3468877,0.548067849
2022/7/21 11:30,66.36,68.65,66.06,4565843,0.601866792
2022/7/21 14:00,66.94,67.03,66.5,963602,0.555711486
2022/7/21 15:00,66.8,67.47,66.65,1509074,0.524890011
2022/7/22 10:30,67.01,68.14,66.29,2881106,0.502216542
2022/7/22 11:30,66.4,66.75,65.69,1059305,0.433654494
2022/7/22 14:00,65.71,65.84,64.9,1160965,0.500579514
2022/7/22 15:00,65.29,65.59,64.85,982637,0.426528099
2022/7/25 10:30,65.51,66.28,64.5,2231677,0.278660804
2022/7/25 11:30,65.43,65.52,64.55,596418,0.339361795
2022/7/25 14:00,64.64,65,64.1,855719,0.534353776
2022/7/25 15:00,64.25,64.57,64.12,712167,0.537937194
2022/7/26 10:30,61.5,65.3,61.5,3687910,0.489649796
2022/7/26 11:30,65,66.25,64.78,1719678,0.577617051
2022/7/26 14:00,65.58,65.98,64.96,953645,0.725608386
2022/7/26 15:00,65.02,66.99,65,2374437,0.754363603
2022/7/27 10:30,65.55,66.55,63.7,2892037,0.491645041
2022/7/27 11:30,64.27,64.5,63.85,663246,0.478018292
2022/7/27 14:00,64.35,64.88,64.17,935431,0.582245322
2022/7/27 15:00,64.44,64.71,64.27,1055844,0.4940305
2022/7/28 10:30,64.4,65,63.11,2503464,0.407587025
2022/7/28 11:30,64.07,64.1,63.21,1154944,0.392471564
2022/7/28 14:00,63.39,63.46,62.9,1681581,0.420505152
2022/7/28 15:00,62.97,62.97,62.2,2017969,0.372272345
2022/7/29 10:30,62.04,62.47,61.05,2560704,0.438205867
2022/7/29 11:30,61.3,61.63,60.84,1400256,0.362195116
2022/7/29 14:00,60.9,61.15,60.44,1351929,0.382858458
2022/7/29 15:00,60.94,61.64,60.8,1348087,0.389555772
2022/8/1 10:30,61,61.57,59.8,2202659,0.201967415
2022/8/1 11:30,61.57,61.83,61.15,682557,0.40325907
2022/8/1 14:00,61.25,61.5,60.9,571431,0.462656822
2022/8/1 15:00,61.14,61.14,60.6,975309,0.466300571
2022/8/2 10:30,60.06,60.1,57.96,4077680,0.213020278
2022/8/2 11:30,58.57,58.65,57.4,1608426,0.251153629
2022/8/2 14:00,57.81,59.44,57.81,1027177,0.559805392
2022/8/2 15:00,59.42,59.65,58.51,1494460,0.493165639
2022/8/3 10:30,58.86,59.45,57.8,2913270,0.340311506
2022/8/3 11:30,58.2,58.5,57.85,960934,0.330933844
2022/8/3 14:00,58.27,59.81,58.11,2496128,0.579786591
2022/8/3 15:00,59.36,59.4,58.1,1728705,0.436415015
2022/8/4 10:30,58.25,60.34,58.25,3630232,0.504775518
2022/8/4 11:30,58.9,59.02,58.35,881217,0.344329653
2022/8/4 14:00,58.4,58.65,57.66,1031272,0.220106772
2022/8/4 15:00,58.06,58.68,57.91,1337966,0.265081708
2022/8/5 10:30,58.8,59.9,58.5,3435964,0.5010723
2022/8/5 11:30,58.88,59.3,58.67,1015191,0.416779758
2022/8/5 14:00,59.21,59.44,58.68,852880,0.37492383
2022/8/5 15:00,59.21,60.6,59.13,3084691,0.434081538
2022/8/8 10:30,60.4,61.77,59.88,4686411,0.479364654
2022/8/8 11:30,59.96,59.97,59.4,1638039,0.412777915
2022/8/8 14:00,59.64,59.7,58.77,1600626,0.409000214
2022/8/8 15:00,58.9,59.5,58.85,1041448,0.41208169
2022/8/9 10:30,59.1,59.55,58.3,2081656,0.5906697
2022/8/9 11:30,59.35,59.8,58.81,843471,0.541968996
2022/8/9 14:00,59.8,60.11,59.22,900729,0.252057706
2022/8/9 15:00,59.37,59.85,59.34,1009223,0.509315381
2022/8/10 10:30,59.2,59.77,58.6,1822266,0.287042782
2022/8/10 11:30,58.8,58.91,58.21,1221954,0.267110043
2022/8/10 14:00,58.47,58.47,57.89,1334893,0.272159397
2022/8/10 15:00,58,58.12,57.6,1924549,0.360923507
2022/8/11 10:30,58.22,59.73,58.01,2553133,0.289108454
2022/8/11 11:30,59.45,61.27,59.18,3721575,0.396099623
2022/8/11 14:00,60.43,60.54,60.11,1039927,0.416355779
2022/8/11 15:00,60.28,60.54,60.15,1148773,0.417187556
2022/8/12 10:30,60.21,60.38,59.35,1979964,0.605534388
2022/8/12 11:30,60.02,60.33,59.9,700732,0.567749028
2022/8/12 14:00,60.18,60.21,59.7,698421,0.498753606
2022/8/12 15:00,59.93,60.17,59.82,984509,0.496088633
